{
  "Id": "ActionTemplates-24",
  "Name": "Set up as Content Delivery",
  "Description": "Modifies the Sitecore instance to act as a content delivery instance",
  "ActionType": "Octopus.Script",
  "Version": 16,
  "CommunityActionTemplateId": null,
  "Properties": {
    "Octopus.Action.Script.ScriptSource": "Package",
    "Octopus.Action.RunOnServer": "false",
    "Octopus.Action.Script.ScriptFileName": "switch-to-cd.ps1",
    "Octopus.Action.Package.FeedId": "feeds-builtin",
    "Octopus.Action.Package.PackageId": "sitecore-switch-to-cd",
    "Octopus.Action.Script.ScriptParameters": "-deploymentPath #{deploymentPath} -hostNames #{hostNames} -targetHostNames #{targetHostNames} -webroot #{webroot} -collectionDatabaseHostname $OctopusParameters['collectionDatabaseHostname']",
    "Octopus.Action.Script.Syntax": null,
    "Octopus.Action.Script.ScriptBody": null
  },
  "Parameters": [
    {
      "Id": "0c764d19-6b15-4fc3-918e-1489e349fe58",
      "Name": "deploymentPath",
      "Label": "Deployment Path",
      "HelpText": "This variable tells us where the Sitecore website has been deployed. We expect three folder in this path:\nDeployment\nUnicorn \nWebsite",
      "DefaultValue": "C:\\inetpub\\sitecore.liu",
      "DisplaySettings": {
        "Octopus.ControlType": "SingleLineText"
      },
      "Links": {}
    },
    {
      "Id": "7bf0bae9-657d-42d5-b39c-50b8abbe0a8d",
      "Name": "hostNames",
      "Label": "Hostnames",
      "HelpText": "The Powershell hashtable array of hostnames to replace in the site definitions. \nI.e. @{\"localhostname\"=\"site.com\"; \"othersitelocal\"=\"othersite.com\"}",
      "DefaultValue": "",
      "DisplaySettings": {
        "Octopus.ControlType": "SingleLineText"
      },
      "Links": {}
    },
    {
      "Id": "919f6b4e-7027-453e-8486-5d8d5fa0e611",
      "Name": "targetHostNames",
      "Label": "Targethostnames",
      "HelpText": "The Powershell hashtable array of targetHostNames to replace in the site definitions. \nI.e. @{\"localhostname\"=\"site.com\"; \"othersitelocal\"=\"othersite.com\"}",
      "DefaultValue": "",
      "DisplaySettings": {
        "Octopus.ControlType": "SingleLineText"
      },
      "Links": {}
    },
    {
      "Id": "c067c7de-b2f7-4728-979f-39310e2b2492",
      "Name": "collectionDatabaseHostname",
      "Label": "Collection Database Hostname",
      "HelpText": "The hostname to use for the collection database hostname that runs mongodb. It should be allowed to connect to it from this CD. The script replaces mongodb://localhost/ with this value.",
      "DefaultValue": "",
      "DisplaySettings": {
        "Octopus.ControlType": "SingleLineText"
      },
      "Links": {}
    }
  ],
  "$Meta": {
    "ExportedAt": "2017-06-12T11:19:40.425Z",
    "OctopusVersion": "3.13.8",
    "Type": "ActionTemplate"
  }
}