<?xml version="1.0" encoding="UTF-8" standalone="yes"?>
<Root xmlns:xsi="http://www.w3.org/2001/XMLSchema-instance">
	<Config>
		<FilePath>\website\</FilePath>
		<ConfigFileName>Web.config</ConfigFileName>
		<ConfigType>config</ConfigType>
		<ContentDelivery>Enable</ContentDelivery>
		<ContentManagement>Enable</ContentManagement>
		<Processing>Enable</Processing>
		<CMProcessing>Enable</CMProcessing>
		<Reporting>Enable</Reporting>
	</Config>
	<Config>
		<FilePath>\website\App_Config\</FilePath>
		<ConfigFileName>Commands.config</ConfigFileName>
		<ConfigType>config</ConfigType>
		<ContentDelivery>Enable</ContentDelivery>
		<ContentManagement>Enable</ContentManagement>
		<Processing>Enable</Processing>
		<CMProcessing>Enable</CMProcessing>
		<Reporting>Enable</Reporting>
	</Config>
	<Config>
		<FilePath>\website\App_Config\</FilePath>
		<ConfigFileName>ConnectionStrings.config</ConfigFileName>
		<ConfigType>config</ConfigType>
		<ContentDelivery>Enable</ContentDelivery>
		<ContentManagement>Enable</ContentManagement>
		<Processing>Enable</Processing>
		<CMProcessing>Enable</CMProcessing>
		<Reporting>Enable</Reporting>
	</Config>
	<Config>
		<FilePath>\website\App_Config\</FilePath>
		<ConfigFileName>ConnectionStringsOracle.config</ConfigFileName>
		<ConfigType>config</ConfigType>
		<ContentDelivery>Enable</ContentDelivery>
		<ContentManagement>Enable</ContentManagement>
		<Processing>Enable</Processing>
		<CMProcessing>Enable</CMProcessing>
		<Reporting>Enable</Reporting>
	</Config>
	<Config>
		<FilePath>\website\App_Config\</FilePath>
		<ConfigFileName>FieldTypes.config</ConfigFileName>
		<ConfigType>config</ConfigType>
		<ContentDelivery>Enable</ContentDelivery>
		<ContentManagement>Enable</ContentManagement>
		<Processing>Enable</Processing>
		<CMProcessing>Enable</CMProcessing>
		<Reporting>Enable</Reporting>
	</Config>
	<Config>
		<FilePath>\website\App_Config\</FilePath>
		<ConfigFileName>Icons.config</ConfigFileName>
		<ConfigType>config</ConfigType>
		<ContentDelivery>Enable</ContentDelivery>
		<ContentManagement>Enable</ContentManagement>
		<Processing>Enable</Processing>
		<CMProcessing>Enable</CMProcessing>
		<Reporting>Enable</Reporting>
	</Config>
	<Config>
		<FilePath>\website\App_Config\</FilePath>
		<ConfigFileName>LanguageDefinitions.config</ConfigFileName>
		<ConfigType>config</ConfigType>
		<ContentDelivery>Enable</ContentDelivery>
		<ContentManagement>Enable</ContentManagement>
		<Processing>Enable</Processing>
		<CMProcessing>Enable</CMProcessing>
		<Reporting>Enable</Reporting>
	</Config>
	<Config>
		<FilePath>\website\App_Config\</FilePath>
		<ConfigFileName>MimeTypes.config</ConfigFileName>
		<ConfigType>config</ConfigType>
		<ContentDelivery>Enable</ContentDelivery>
		<ContentManagement>Enable</ContentManagement>
		<Processing>Enable</Processing>
		<CMProcessing>Enable</CMProcessing>
		<Reporting>Enable</Reporting>
	</Config>
	<Config>
		<FilePath>\website\App_Config\</FilePath>
		<ConfigFileName>Portraits.config</ConfigFileName>
		<ConfigType>config</ConfigType>
		<ContentDelivery>Enable</ContentDelivery>
		<ContentManagement>Enable</ContentManagement>
		<Processing>Enable</Processing>
		<CMProcessing>Enable</CMProcessing>
		<Reporting>Enable</Reporting>
	</Config>
	<Config>
		<FilePath>\website\App_Config\</FilePath>
		<ConfigFileName>Prototypes.config</ConfigFileName>
		<ConfigType>config</ConfigType>
		<ContentDelivery>Enable</ContentDelivery>
		<ContentManagement>Enable</ContentManagement>
		<Processing>Enable</Processing>
		<CMProcessing>Enable</CMProcessing>
		<Reporting>Enable</Reporting>
	</Config>
	<Config>
		<FilePath>\website\App_Config\</FilePath>
		<ConfigFileName>Sitecore.config</ConfigFileName>
		<ConfigType>config</ConfigType>
		<ContentDelivery>Enable</ContentDelivery>
		<ContentManagement>Enable</ContentManagement>
		<Processing>Enable</Processing>
		<CMProcessing>Enable</CMProcessing>
		<Reporting>Enable</Reporting>
	</Config>
	<Config>
		<FilePath>\website\App_Config\</FilePath>
		<ConfigFileName>XamlSharp.config</ConfigFileName>
		<ConfigType>config</ConfigType>
		<ContentDelivery>Enable</ContentDelivery>
		<ContentManagement>Enable</ContentManagement>
		<Processing>Enable</Processing>
		<CMProcessing>Enable</CMProcessing>
		<Reporting>Enable</Reporting>
	</Config>
	<Config>
		<FilePath>\website\App_Config\Include</FilePath>
		<ConfigFileName>001.Sitecore.Speak.Important.config</ConfigFileName>
		<ConfigType>config</ConfigType>
		<ContentDelivery>Disable</ContentDelivery>
		<ContentManagement>Enable</ContentManagement>
		<Processing>Disable</Processing>
		<CMProcessing>Enable</CMProcessing>
		<Reporting>Disable</Reporting>
	</Config>
	<Config>
		<FilePath>\website\App_Config\Include</FilePath>
		<ConfigFileName>DataFolder.config</ConfigFileName>
		<ConfigType>config</ConfigType>
		<ContentDelivery>Enable</ContentDelivery>
		<ContentManagement>Enable</ContentManagement>
		<Processing>Enable</Processing>
		<CMProcessing>Enable</CMProcessing>
		<Reporting>Enable</Reporting>
	</Config>
	<Config>
		<FilePath>\website\App_Config\Include</FilePath>
		<ConfigFileName>EventHandler.config.example</ConfigFileName>
		<ConfigType>example</ConfigType>
		<ContentDelivery>n/a</ContentDelivery>
		<ContentManagement>n/a</ContentManagement>
		<Processing>n/a</Processing>
		<CMProcessing>n/a</CMProcessing>
		<Reporting>n/a</Reporting>
	</Config>
	<Config>
		<FilePath>\website\App_Config\Include</FilePath>
		<ConfigFileName>ForwardingSecurityEvents.config.example</ConfigFileName>
		<ConfigType>example</ConfigType>
		<ContentDelivery>n/a</ContentDelivery>
		<ContentManagement>n/a</ContentManagement>
		<Processing>n/a</Processing>
		<CMProcessing>n/a</CMProcessing>
		<Reporting>n/a</Reporting>
	</Config>
	<Config>
		<FilePath>\website\App_Config\Include</FilePath>
		<ConfigFileName>ja-JP.config.example</ConfigFileName>
		<ConfigType>example</ConfigType>
		<ContentDelivery>n/a</ContentDelivery>
		<ContentManagement>n/a</ContentManagement>
		<Processing>n/a</Processing>
		<CMProcessing>n/a</CMProcessing>
		<Reporting>n/a</Reporting>
	</Config>
	<Config>
		<FilePath>\website\App_Config\Include</FilePath>
		<ConfigFileName>LiveMode.config.example</ConfigFileName>
		<ConfigType>example</ConfigType>
		<ContentDelivery>n/a</ContentDelivery>
		<ContentManagement>n/a</ContentManagement>
		<Processing>n/a</Processing>
		<CMProcessing>n/a</CMProcessing>
		<Reporting>n/a</Reporting>
	</Config>
	<Config>
		<FilePath>\website\App_Config\Include</FilePath>
		<ConfigFileName>ScalabilitySettings.config.example</ConfigFileName>
		<ConfigType>example</ConfigType>
		<ContentDelivery>n/a</ContentDelivery>
		<ContentManagement>n/a</ContentManagement>
		<Processing>n/a</Processing>
		<CMProcessing>n/a</CMProcessing>
		<Reporting>n/a</Reporting>
	</Config>
	<Config>
		<FilePath>\website\App_Config\Include</FilePath>
		<ConfigFileName>Sitecore.Analytics.Automation.TimeoutProcessing.config</ConfigFileName>
		<ConfigType>config</ConfigType>
		<ContentDelivery>Disable</ContentDelivery>
		<ContentManagement>Enable</ContentManagement>
		<Processing>Disable</Processing>
		<CMProcessing>Enable</CMProcessing>
		<Reporting>Disable</Reporting>
	</Config>
	<Config>
		<FilePath>\website\App_Config\Include</FilePath>
		<ConfigFileName>Sitecore.Analytics.Compatibility.config</ConfigFileName>
		<ConfigType>config</ConfigType>
		<ContentDelivery>Enable</ContentDelivery>
		<ContentManagement>Enable</ContentManagement>
		<Processing>Enable</Processing>
		<CMProcessing>Enable</CMProcessing>
		<Reporting>Enable</Reporting>
	</Config>
	<Config>
		<FilePath>\website\App_Config\Include</FilePath>
		<ConfigFileName>Sitecore.Analytics.config</ConfigFileName>
		<ConfigType>config</ConfigType>
		<ContentDelivery>Enable</ContentDelivery>
		<ContentManagement>Enable</ContentManagement>
		<Processing>Enable</Processing>
		<CMProcessing>Enable</CMProcessing>
		<Reporting>Enable</Reporting>
	</Config>
	<Config>
		<FilePath>\website\App_Config\Include</FilePath>
		<ConfigFileName>Sitecore.Analytics.ExcludeRobots.config</ConfigFileName>
		<ConfigType>config</ConfigType>
		<ContentDelivery>Enable</ContentDelivery>
		<ContentManagement>Disable</ContentManagement>
		<Processing>Disable</Processing>
		<CMProcessing>Disable</CMProcessing>
		<Reporting>Disable</Reporting>
	</Config>
	<Config>
		<FilePath>\website\App_Config\Include</FilePath>
		<ConfigFileName>Sitecore.Analytics.MarketingTaxonomy.config</ConfigFileName>
		<ConfigType>config</ConfigType>
		<ContentDelivery>Enable</ContentDelivery>
		<ContentManagement>Enable</ContentManagement>
		<Processing>Enable</Processing>
		<CMProcessing>Enable</CMProcessing>
		<Reporting>Enable</Reporting>
	</Config>
	<Config>
		<FilePath>\website\App_Config\Include</FilePath>
		<ConfigFileName>Sitecore.Analytics.MarketingTaxonomyCD.config.disabled</ConfigFileName>
		<ConfigType>disabled</ConfigType>
		<ContentDelivery>Enable</ContentDelivery>
		<ContentManagement>Disable</ContentManagement>
		<Processing>Disable</Processing>
		<CMProcessing>Disable</CMProcessing>
		<Reporting>Disable</Reporting>
	</Config>
	<Config>
		<FilePath>\website\App_Config\Include</FilePath>
		<ConfigFileName>Sitecore.Analytics.Model.config</ConfigFileName>
		<ConfigType>config</ConfigType>
		<ContentDelivery>Enable</ContentDelivery>
		<ContentManagement>Enable</ContentManagement>
		<Processing>Enable</Processing>
		<CMProcessing>Enable</CMProcessing>
		<Reporting>Enable</Reporting>
	</Config>
	<Config>
		<FilePath>\website\App_Config\Include</FilePath>
		<ConfigFileName>Sitecore.Analytics.MongoDb.config</ConfigFileName>
		<ConfigType>config</ConfigType>
		<ContentDelivery>Enable</ContentDelivery>
		<ContentManagement>Enable</ContentManagement>
		<Processing>Enable</Processing>
		<CMProcessing>Enable</CMProcessing>
		<Reporting>Enable</Reporting>
	</Config>
	<Config>
		<FilePath>\website\App_Config\Include</FilePath>
		<ConfigFileName>Sitecore.Analytics.Oracle.config.disabled</ConfigFileName>
		<ConfigType>disabled</ConfigType>
		<ContentDelivery>Disable</ContentDelivery>
		<ContentManagement>Disable</ContentManagement>
		<Processing>Disable</Processing>
		<CMProcessing>Disable</CMProcessing>
		<Reporting>Disable</Reporting>
	</Config>
	<Config>
		<FilePath>\website\App_Config\Include</FilePath>
		<ConfigFileName>Sitecore.Analytics.Outcome.config</ConfigFileName>
		<ConfigType>config</ConfigType>
		<ContentDelivery>Enable</ContentDelivery>
		<ContentManagement>Enable</ContentManagement>
		<Processing>Enable</Processing>
		<CMProcessing>Enable</CMProcessing>
		<Reporting>Enable</Reporting>
	</Config>
	<Config>
		<FilePath>\website\App_Config\Include</FilePath>
		<ConfigFileName>Sitecore.Analytics.Processing.Aggregation.config</ConfigFileName>
		<ConfigType>config</ConfigType>
		<ContentDelivery>Disable</ContentDelivery>
		<ContentManagement>Enable</ContentManagement>
		<Processing>Enable</Processing>
		<CMProcessing>Enable</CMProcessing>
		<Reporting>Disable</Reporting>
	</Config>
	<Config>
		<FilePath>\website\App_Config\Include</FilePath>
		<ConfigFileName>Sitecore.Analytics.Processing.Aggregation.ProcessingPools.config</ConfigFileName>
		<ConfigType>config</ConfigType>
		<ContentDelivery>Enable</ContentDelivery>
		<ContentManagement>Enable</ContentManagement>
		<Processing>Enable</Processing>
		<CMProcessing>Enable</CMProcessing>
		<Reporting>Enable</Reporting>
	</Config>
	<Config>
		<FilePath>\website\App_Config\Include</FilePath>
		<ConfigFileName>Sitecore.Analytics.Processing.Aggregation.Services.config</ConfigFileName>
		<ConfigType>config</ConfigType>
		<ContentDelivery>Disable</ContentDelivery>
		<ContentManagement>Disable</ContentManagement>
		<Processing>Enable</Processing>
		<CMProcessing>Enable</CMProcessing>
		<Reporting>Disable</Reporting>
	</Config>
	<Config>
		<FilePath>\website\App_Config\Include</FilePath>
		<ConfigFileName>Sitecore.Analytics.Processing.config</ConfigFileName>
		<ConfigType>config</ConfigType>
		<ContentDelivery>Disable</ContentDelivery>
		<ContentManagement>Enable</ContentManagement>
		<Processing>Enable</Processing>
		<CMProcessing>Enable</CMProcessing>
		<Reporting>Disable</Reporting>
	</Config>
	<Config>
		<FilePath>\website\App_Config\Include</FilePath>
		<ConfigFileName>Sitecore.Analytics.Processing.Services.config</ConfigFileName>
		<ConfigType>config</ConfigType>
		<ContentDelivery>Disable</ContentDelivery>
		<ContentManagement>Disable</ContentManagement>
		<Processing>Enable</Processing>
		<CMProcessing>Enable</CMProcessing>
		<Reporting>Disable</Reporting>
	</Config>
	<Config>
		<FilePath>\website\App_Config\Include</FilePath>
		<ConfigFileName>Sitecore.Analytics.Reporting.config</ConfigFileName>
		<ConfigType>config</ConfigType>
		<ContentDelivery>Disable</ContentDelivery>
		<ContentManagement>Enable</ContentManagement>
		<Processing>Disable</Processing>
		<CMProcessing>Enable</CMProcessing>
		<Reporting>Enable</Reporting>
	</Config>
	<Config>
		<FilePath>\website\App_Config\Include</FilePath>
		<ConfigFileName>Sitecore.Analytics.Tracking.Aggregation.config</ConfigFileName>
		<ConfigType>config</ConfigType>
		<ContentDelivery>Enable</ContentDelivery>
		<ContentManagement>Disable</ContentManagement>
		<Processing>Disable</Processing>
		<CMProcessing>Disable</CMProcessing>
		<Reporting>Disable</Reporting>
	</Config>
	<Config>
		<FilePath>\website\App_Config\Include</FilePath>
		<ConfigFileName>Sitecore.Analytics.Tracking.config</ConfigFileName>
		<ConfigType>config</ConfigType>
		<ContentDelivery>Enable</ContentDelivery>
		<ContentManagement>Enable</ContentManagement>
		<Processing>Disable</Processing>
		<CMProcessing>Enable</CMProcessing>
		<Reporting>Disable</Reporting>
	</Config>
	<Config>
		<FilePath>\website\App_Config\Include</FilePath>
		<ConfigFileName>Sitecore.Analytics.Tracking.Database.config</ConfigFileName>
		<ConfigType>config</ConfigType>
		<ContentDelivery>Enable</ContentDelivery>
		<ContentManagement>Disable</ContentManagement>
		<Processing>Disable</Processing>
		<CMProcessing>Disable</CMProcessing>
		<Reporting>Disable</Reporting>
	</Config>
	<Config>
		<FilePath>\website\App_Config\Include</FilePath>
		<ConfigFileName>Sitecore.Analytics.Tracking.Database.ScaledCM.config.disabled</ConfigFileName>
		<ConfigType>config</ConfigType>
		<ContentDelivery>Enable</ContentDelivery>
		<ContentManagement>Disable</ContentManagement>
		<Processing>Disable</Processing>
		<CMProcessing>Enable</CMProcessing>
		<Reporting>Disable</Reporting>
	</Config>
	<Config>
		<FilePath>\website\App_Config\Include</FilePath>
		<ConfigFileName>Sitecore.Analytics.Tracking.Outcome.config</ConfigFileName>
		<ConfigType>config</ConfigType>
		<ContentDelivery>Enable</ContentDelivery>
		<ContentManagement>Enable</ContentManagement>
		<Processing>Enable</Processing>
		<CMProcessing>Enable</CMProcessing>
		<Reporting>Enable</Reporting>
	</Config>
	<Config>
		<FilePath>\website\App_Config\Include</FilePath>
		<ConfigFileName>Sitecore.Analytics.Tracking.RobotDetection.config</ConfigFileName>
		<ConfigType>config</ConfigType>
		<ContentDelivery>Enable</ContentDelivery>
		<ContentManagement>Disable</ContentManagement>
		<Processing>Disable</Processing>
		<CMProcessing>Disable</CMProcessing>
		<Reporting>Disable</Reporting>
	</Config>
	<Config>
		<FilePath>\website\App_Config\Include</FilePath>
		<ConfigFileName>Sitecore.AntiCsrf.config</ConfigFileName>
		<ConfigType>config</ConfigType>
		<ContentDelivery>Enable</ContentDelivery>
		<ContentManagement>Enable</ContentManagement>
		<Processing>Disable</Processing>
		<CMProcessing>Enable</CMProcessing>
		<Reporting>Disable</Reporting>
	</Config>
	<Config>
		<FilePath>\website\App_Config\Include</FilePath>
		<ConfigFileName>Sitecore.Apps.TagInjection.config </ConfigFileName>
		<ConfigType>config</ConfigType>
		<ContentDelivery>Enable</ContentDelivery>
		<ContentManagement>Enable</ContentManagement>
		<Processing>Enable</Processing>
		<CMProcessing>Enable</CMProcessing>
		<Reporting>Enable</Reporting>
	</Config>
	<Config>
		<FilePath>\website\App_Config\Include</FilePath>
		<ConfigFileName>Sitecore.Buckets.config</ConfigFileName>
		<ConfigType>config</ConfigType>
		<ContentDelivery>Enable</ContentDelivery>
		<ContentManagement>Enable</ContentManagement>
		<Processing>Disable</Processing>
		<CMProcessing>Enable</CMProcessing>
		<Reporting>Disable</Reporting>
	</Config>
	<Config>
		<FilePath>\website\App_Config\Include</FilePath>
		<ConfigFileName>Sitecore.Buckets.WarmupQueries.config.example</ConfigFileName>
		<ConfigType>example</ConfigType>
		<ContentDelivery>n/a</ContentDelivery>
		<ContentManagement>n/a</ContentManagement>
		<Processing>n/a</Processing>
		<CMProcessing>n/a</CMProcessing>
		<Reporting>n/a</Reporting>
	</Config>
	<Config>
		<FilePath>\website\App_Config\Include</FilePath>
		<ConfigFileName>Sitecore.Commerce.config</ConfigFileName>
		<ConfigType>config</ConfigType>
		<ContentDelivery>Enable</ContentDelivery>
		<ContentManagement>Enable</ContentManagement>
		<Processing>Enable</Processing>
		<CMProcessing>Enable</CMProcessing>
		<Reporting>Enable</Reporting>
	</Config>
	<Config>
		<FilePath>\website\App_Config\Include</FilePath>
		<ConfigFileName>Sitecore.Commerce.ExperienceProfile.ReportingServer.config</ConfigFileName>
		<ConfigType>config</ConfigType>
		<ContentDelivery>Enable</ContentDelivery>
		<ContentManagement>Enable</ContentManagement>
		<Processing>Enable</Processing>
		<CMProcessing>Enable</CMProcessing>
		<Reporting>Enable</Reporting>
	</Config>
	<Config>
		<FilePath>\website\App_Config\Include</FilePath>
		<ConfigFileName>Sitecore.ContentSearch.Analytics.config</ConfigFileName>
		<ConfigType>config</ConfigType>
		<SearchProviderUsed>Base</SearchProviderUsed>
		<ContentDelivery>Enable</ContentDelivery>
		<ContentManagement>Enable</ContentManagement>
		<Processing>Enable</Processing>
		<CMProcessing>Enable</CMProcessing>
		<Reporting>Enable</Reporting>
	</Config>
	<Config>
		<FilePath>\website\App_Config\Include</FilePath>
		<ConfigFileName>Sitecore.ContentSearch.config</ConfigFileName>
		<ConfigType>config</ConfigType>
		<ContentDelivery>Enable</ContentDelivery>
		<ContentManagement>Enable</ContentManagement>
		<Processing>Enable</Processing>
		<CMProcessing>Enable</CMProcessing>
		<Reporting>Enable</Reporting>
	</Config>
	<Config>
		<FilePath>\website\App_Config\Include</FilePath>
		<ConfigFileName>Sitecore.ContentSearch.DefaultConfigurations.config</ConfigFileName>
		<ConfigType>config</ConfigType>
		<ContentDelivery>Enable</ContentDelivery>
		<ContentManagement>Enable</ContentManagement>
		<Processing>Enable</Processing>
		<CMProcessing>Enable</CMProcessing>
		<Reporting>Enable</Reporting>
	</Config>
	<Config>
		<FilePath>\website\App_Config\Include</FilePath>
		<ConfigFileName>Sitecore.ContentSearch.Lucene.DefaultIndexConfiguration.config</ConfigFileName>
		<ConfigType>config</ConfigType>
		<SearchProviderUsed>Lucene is used</SearchProviderUsed>
		<ContentDelivery>Enable</ContentDelivery>
		<ContentManagement>Enable</ContentManagement>
		<Processing>Enable</Processing>
		<CMProcessing>Enable</CMProcessing>
		<Reporting>Enable</Reporting>
	</Config>
	<Config>
		<FilePath>\website\App_Config\Include</FilePath>
		<ConfigFileName>Sitecore.ContentSearch.Lucene.Index.Analytics.config</ConfigFileName>
		<ConfigType>config</ConfigType>
		<SearchProviderUsed>Lucene is used</SearchProviderUsed>
		<ContentDelivery>Enable</ContentDelivery>
		<ContentManagement>Enable</ContentManagement>
		<Processing>Enable</Processing>
		<CMProcessing>Enable</CMProcessing>
		<Reporting>Enable</Reporting>
	</Config>
	<Config>
		<FilePath>\website\App_Config\Include</FilePath>
		<ConfigFileName>Sitecore.ContentSearch.Lucene.Index.Core.config</ConfigFileName>
		<ConfigType>config</ConfigType>
		<SearchProviderUsed>Lucene is used</SearchProviderUsed>
		<ContentDelivery>Enable</ContentDelivery>
		<ContentManagement>Enable</ContentManagement>
		<Processing>Enable</Processing>
		<CMProcessing>Enable</CMProcessing>
		<Reporting>Enable</Reporting>
	</Config>
	<Config>
		<FilePath>\website\App_Config\Include</FilePath>
		<ConfigFileName>Sitecore.ContentSearch.Lucene.Index.Master.config</ConfigFileName>
		<ConfigType>config</ConfigType>
		<SearchProviderUsed>Lucene is used</SearchProviderUsed>
		<ContentDelivery>Disable</ContentDelivery>
		<ContentManagement>Enable</ContentManagement>
		<Processing>Enable</Processing>
		<CMProcessing>Enable</CMProcessing>
		<Reporting>Enable</Reporting>
	</Config>
	<Config>
		<FilePath>\website\App_Config\Include</FilePath>
		<ConfigFileName>Sitecore.ContentSearch.Lucene.Index.Web.config</ConfigFileName>
		<ConfigType>config</ConfigType>
		<SearchProviderUsed>Lucene is used</SearchProviderUsed>
		<ContentDelivery>Enable</ContentDelivery>
		<ContentManagement>Disable</ContentManagement>
		<Processing>Disable</Processing>
		<CMProcessing>Disable</CMProcessing>
		<Reporting>Disable</Reporting>
	</Config>
	<Config>
		<FilePath>\website\App_Config\Include</FilePath>
		<ConfigFileName>Sitecore.ContentSearch.Lucene.Indexes.Sharded.Core.config.example</ConfigFileName>
		<ConfigType>example</ConfigType>
		<SearchProviderUsed>Lucene is used</SearchProviderUsed>
		<ContentDelivery>Disable</ContentDelivery>
		<ContentManagement>Disable</ContentManagement>
		<Processing>Disable</Processing>
		<CMProcessing>Disable</CMProcessing>
		<Reporting>Disable</Reporting>
	</Config>
	<Config>
		<FilePath>\website\App_Config\Include</FilePath>
		<ConfigFileName>Sitecore.ContentSearch.Lucene.Indexes.Sharded.Master.config.example</ConfigFileName>
		<ConfigType>example</ConfigType>
		<SearchProviderUsed>Lucene is used</SearchProviderUsed>
		<ContentDelivery>Disable</ContentDelivery>
		<ContentManagement>Disable</ContentManagement>
		<Processing>Disable</Processing>
		<CMProcessing>Disable</CMProcessing>
		<Reporting>Disable</Reporting>
	</Config>
	<Config>
		<FilePath>\website\App_Config\Include</FilePath>
		<ConfigFileName>Sitecore.ContentSearch.Lucene.Indexes.Sharded.Web.config.example</ConfigFileName>
		<ConfigType>example</ConfigType>
		<SearchProviderUsed>Lucene is used</SearchProviderUsed>
		<ContentDelivery>Disable</ContentDelivery>
		<ContentManagement>Disable</ContentManagement>
		<Processing>Disable</Processing>
		<CMProcessing>Disable</CMProcessing>
		<Reporting>Disable</Reporting>
	</Config>
	<Config>
		<FilePath>\website\App_Config\Include</FilePath>
		<ConfigFileName>Sitecore.ContentSearch.Solr.DefaultIndexConfiguration.config.example</ConfigFileName>
		<ConfigType>example</ConfigType>
		<SearchProviderUsed>Solr is used</SearchProviderUsed>
		<ContentDelivery>Enable</ContentDelivery>
		<ContentManagement>Enable</ContentManagement>
		<Processing>Enable</Processing>
		<CMProcessing>Enable</CMProcessing>
		<Reporting>Enable</Reporting>
	</Config>
	<Config>
		<FilePath>\website\App_Config\Include</FilePath>
		<ConfigFileName>Sitecore.ContentSearch.Solr.Index.Analytics.config.example</ConfigFileName>
		<ConfigType>example</ConfigType>
		<SearchProviderUsed>Solr is used</SearchProviderUsed>
		<ContentDelivery>Enable</ContentDelivery>
		<ContentManagement>Enable</ContentManagement>
		<Processing>Enable</Processing>
		<CMProcessing>Enable</CMProcessing>
		<Reporting>Enable</Reporting>
	</Config>
	<Config>
		<FilePath>\website\App_Config\Include</FilePath>
		<ConfigFileName>Sitecore.ContentSearch.Solr.Index.Core.config.example</ConfigFileName>
		<ConfigType>example</ConfigType>
		<SearchProviderUsed>Solr is used</SearchProviderUsed>
		<ContentDelivery>Disable</ContentDelivery>
		<ContentManagement>Enable</ContentManagement>
		<Processing>Disable</Processing>
		<CMProcessing>Enable</CMProcessing>
		<Reporting>Disable</Reporting>
	</Config>
	<Config>
		<FilePath>\website\App_Config\Include</FilePath>
		<ConfigFileName>Sitecore.ContentSearch.Solr.Index.Master.config.example</ConfigFileName>
		<ConfigType>example</ConfigType>
		<SearchProviderUsed>Solr is used</SearchProviderUsed>
		<ContentDelivery>Disable</ContentDelivery>
		<ContentManagement>Enable</ContentManagement>
		<Processing>Disable</Processing>
		<CMProcessing>Enable</CMProcessing>
		<Reporting>Disable</Reporting>
	</Config>
	<Config>
		<FilePath>\website\App_Config\Include</FilePath>
		<ConfigFileName>Sitecore.ContentSearch.Solr.Index.Web.config.example</ConfigFileName>
		<ConfigType>example</ConfigType>
		<SearchProviderUsed>Solr is used</SearchProviderUsed>
		<ContentDelivery>Enable</ContentDelivery>
		<ContentManagement>Disable</ContentManagement>
		<Processing>Disable</Processing>
		<CMProcessing>Disable</CMProcessing>
		<Reporting>Disable</Reporting>
	</Config>
	<Config>
		<FilePath>\website\App_Config\Include</FilePath>
		<ConfigFileName>Sitecore.ContentSearch.VerboseLogging.config.example</ConfigFileName>
		<ConfigType>example</ConfigType>
		<ContentDelivery>n/a</ContentDelivery>
		<ContentManagement>n/a</ContentManagement>
		<Processing>n/a</Processing>
		<CMProcessing>n/a</CMProcessing>
		<Reporting>n/a</Reporting>
	</Config>
	<Config>
		<FilePath>\website\App_Config\Include</FilePath>
		<ConfigFileName>Sitecore.DefaultLanguage.config</ConfigFileName>
		<ConfigType>config</ConfigType>
		<ContentDelivery>Enable</ContentDelivery>
		<ContentManagement>Enable</ContentManagement>
		<Processing>Enable</Processing>
		<CMProcessing>Enable</CMProcessing>
		<Reporting>Enable</Reporting>
	</Config>
	<Config>
		<FilePath>\website\App_Config\Include</FilePath>
		<ConfigFileName>Sitecore.Diagnostics.config</ConfigFileName>
		<ConfigType>config</ConfigType>
		<ContentDelivery>Enable</ContentDelivery>
		<ContentManagement>Enable</ContentManagement>
		<Processing>Enable</Processing>
		<CMProcessing>Enable</CMProcessing>
		<Reporting>Enable</Reporting>
	</Config>
	<Config>
		<FilePath>\website\App_Config\Include</FilePath>
		<ConfigFileName>Sitecore.ExperienceEditor.config</ConfigFileName>
		<ConfigType>config</ConfigType>
		<ContentDelivery>Enable</ContentDelivery>
		<ContentManagement>Enable</ContentManagement>
		<Processing>Enable</Processing>
		<CMProcessing>Enable</CMProcessing>
		<Reporting>Enable</Reporting>
	</Config>
	<Config>
		<FilePath>\website\App_Config\Include</FilePath>
		<ConfigFileName>Sitecore.ExperienceEditor.Speak.Requests.config</ConfigFileName>
		<ConfigType>config</ConfigType>
		<ContentDelivery>Disable</ContentDelivery>
		<ContentManagement>Enable</ContentManagement>
		<Processing>Enable</Processing>
		<CMProcessing>Enable</CMProcessing>
		<Reporting>Enable</Reporting>
	</Config>
	<Config>
		<FilePath>\website\App_Config\Include</FilePath>
		<ConfigFileName>Sitecore.ExperienceExplorer.config</ConfigFileName>
		<ConfigType>config</ConfigType>
		<ContentDelivery>Enable</ContentDelivery>
		<ContentManagement>Enable</ContentManagement>
		<Processing>Enable</Processing>
		<CMProcessing>Enable</CMProcessing>
		<Reporting>Enable</Reporting>
	</Config>
	<Config>
		<FilePath>\website\App_Config\Include</FilePath>
		<ConfigFileName>Sitecore.ExperienceExplorer.Speak.Requests.config</ConfigFileName>
		<ConfigType>config</ConfigType>
		<ContentDelivery>Disable</ContentDelivery>
		<ContentManagement>Enable</ContentManagement>
		<Processing>Enable</Processing>
		<CMProcessing>Enable</CMProcessing>
		<Reporting>Enable</Reporting>
	</Config>
	<Config>
		<FilePath>\website\App_Config\Include</FilePath>
		<ConfigFileName>Sitecore.ItemWebApi.config</ConfigFileName>
		<ConfigType>config</ConfigType>
		<ContentDelivery>Enable</ContentDelivery>
		<ContentManagement>Enable</ContentManagement>
		<Processing>Enable</Processing>
		<CMProcessing>Enable</CMProcessing>
		<Reporting>Enable</Reporting>
	</Config>
	<Config>
		<FilePath>\website\App_Config\Include</FilePath>
		<ConfigFileName>Sitecore.JSNLog.config</ConfigFileName>
		<ConfigType>config</ConfigType>
		<ContentDelivery>Enable</ContentDelivery>
		<ContentManagement>Enable</ContentManagement>
		<Processing>Enable</Processing>
		<CMProcessing>Enable</CMProcessing>
		<Reporting>Enable</Reporting>
	</Config>
	<Config>
		<FilePath>\website\App_Config\Include</FilePath>
		<ConfigFileName>Sitecore.LanguageFallback.config</ConfigFileName>
		<ConfigType>config</ConfigType>
		<ContentDelivery>Enable</ContentDelivery>
		<ContentManagement>Enable</ContentManagement>
		<Processing>Enable</Processing>
		<CMProcessing>Enable</CMProcessing>
		<Reporting>Enable</Reporting>
	</Config>
	<Config>
		<FilePath>\website\App_Config\Include</FilePath>
		<ConfigFileName>Sitecore.Marketing.Client.config</ConfigFileName>
		<ConfigType>config</ConfigType>
		<ContentDelivery>Disable</ContentDelivery>
		<ContentManagement>Enable</ContentManagement>
		<Processing>Enable</Processing>
		<CMProcessing>Enable</CMProcessing>
		<Reporting>Enable</Reporting>
	</Config>
	<Config>
		<FilePath>\website\App_Config\Include</FilePath>
		<ConfigFileName>Sitecore.Marketing.config</ConfigFileName>
		<ConfigType>config</ConfigType>
		<ContentDelivery>Enable</ContentDelivery>
		<ContentManagement>Enable</ContentManagement>
		<Processing>Enable</Processing>
		<CMProcessing>Enable</CMProcessing>
		<Reporting>Enable</Reporting>
	</Config>
	<Config>
		<FilePath>\website\App_Config\Include</FilePath>
		<ConfigFileName>Sitecore.Marketing.Definitions.MarketingAssets.Repositories.config</ConfigFileName>
		<ConfigType>config</ConfigType>
		<ContentDelivery>Enable</ContentDelivery>
		<ContentManagement>Enable</ContentManagement>
		<Processing>Enable</Processing>
		<CMProcessing>Enable</CMProcessing>
		<Reporting>Enable</Reporting>
	</Config>
	<Config>
		<FilePath>\website\App_Config\Include</FilePath>
		<ConfigFileName>Sitecore.Marketing.Definitions.MarketingAssets.Repositories.Lucene.Index.Master.config</ConfigFileName>
		<ConfigType>config</ConfigType>
		<SearchProviderUsed>Lucene is used</SearchProviderUsed>
		<ContentDelivery>Disable</ContentDelivery>
		<ContentManagement>Enable</ContentManagement>
		<Processing>Disable</Processing>
		<CMProcessing>Enable</CMProcessing>
		<Reporting>Disable</Reporting>
	</Config>
	<Config>
		<FilePath>\website\App_Config\Include</FilePath>
		<ConfigFileName>Sitecore.Marketing.Definitions.MarketingAssets.Repositories.Lucene.Index.Web.config</ConfigFileName>
		<ConfigType>config</ConfigType>
		<SearchProviderUsed>Lucene is used</SearchProviderUsed>
		<ContentDelivery>Enable</ContentDelivery>
		<ContentManagement>Disable</ContentManagement>
		<Processing>Disable</Processing>
		<CMProcessing>Disable</CMProcessing>
		<Reporting>Disable</Reporting>
	</Config>
	<Config>
		<FilePath>\website\App_Config\Include</FilePath>
		<ConfigFileName>Sitecore.Marketing.Definitions.MarketingAssets.Repositories.Lucene.IndexConfiguration.config</ConfigFileName>
		<ConfigType>config</ConfigType>
		<SearchProviderUsed>Lucene is used</SearchProviderUsed>
		<ContentDelivery>Enable</ContentDelivery>
		<ContentManagement>Enable</ContentManagement>
		<Processing>Disable</Processing>
		<CMProcessing>Enable</CMProcessing>
		<Reporting>Disable</Reporting>
	</Config>
	<Config>
		<FilePath>\website\App_Config\Include</FilePath>
		<ConfigFileName>Sitecore.Marketing.Definitions.MarketingAssets.Repositories.Solr.Index.Master.config.disabled</ConfigFileName>
		<ConfigType>disabled</ConfigType>
		<SearchProviderUsed>Solr is used</SearchProviderUsed>
		<ContentDelivery>Disable</ContentDelivery>
		<ContentManagement>Enable</ContentManagement>
		<Processing>Disable</Processing>
		<CMProcessing>Enable</CMProcessing>
		<Reporting>Disable</Reporting>
	</Config>
	<Config>
		<FilePath>\website\App_Config\Include</FilePath>
		<ConfigFileName>Sitecore.Marketing.Definitions.MarketingAssets.Repositories.Solr.Index.Web.config.disabled</ConfigFileName>
		<ConfigType>disabled</ConfigType>
		<SearchProviderUsed>Solr is used</SearchProviderUsed>
		<ContentDelivery>Enable</ContentDelivery>
		<ContentManagement>Disable</ContentManagement>
		<Processing>Disable</Processing>
		<CMProcessing>Disable</CMProcessing>
		<Reporting>Disable</Reporting>
	</Config>
	<Config>
		<FilePath>\website\App_Config\Include</FilePath>
		<ConfigFileName>Sitecore.Marketing.Definitions.MarketingAssets.Repositories.Solr.IndexConfiguration.config.disabled</ConfigFileName>
		<ConfigType>disabled</ConfigType>
		<SearchProviderUsed>Solr is used</SearchProviderUsed>
		<ContentDelivery>Enable</ContentDelivery>
		<ContentManagement>Enable</ContentManagement>
		<Processing>Disable</Processing>
		<CMProcessing>Enable</CMProcessing>
		<Reporting>Disable</Reporting>
	</Config>
	<Config>
		<FilePath>\website\App_Config\Include</FilePath>
		<ConfigFileName>Sitecore.Marketing.Definitions.MarketingAssets.RepositoriesCD.config.disabled</ConfigFileName>
		<ConfigType>config</ConfigType>
		<ContentDelivery>Enable</ContentDelivery>
		<ContentManagement>Disable</ContentManagement>
		<Processing>Disable</Processing>
		<CMProcessing>Disable</CMProcessing>
		<Reporting>Disable</Reporting>
	</Config>
	<Config>
		<FilePath>\website\App_Config\Include</FilePath>
		<ConfigFileName>Sitecore.Marketing.Lucene.Index.Master.config</ConfigFileName>
		<ConfigType>config</ConfigType>
		<SearchProviderUsed>Lucene is used</SearchProviderUsed>
		<ContentDelivery>Disable</ContentDelivery>
		<ContentManagement>Enable</ContentManagement>
		<Processing>Disable</Processing>
		<CMProcessing>Enable</CMProcessing>
		<Reporting>Disable</Reporting>
	</Config>
	<Config>
		<FilePath>\website\App_Config\Include</FilePath>
		<ConfigFileName>Sitecore.Marketing.Lucene.Index.Web.config</ConfigFileName>
		<ConfigType>config</ConfigType>
		<SearchProviderUsed>Lucene is used</SearchProviderUsed>
		<ContentDelivery>Enable</ContentDelivery>
		<ContentManagement>Disable</ContentManagement>
		<Processing>Disable</Processing>
		<CMProcessing>Disable</CMProcessing>
		<Reporting>Disable</Reporting>
	</Config>
	<Config>
		<FilePath>\website\App_Config\Include</FilePath>
		<ConfigFileName>Sitecore.Marketing.Lucene.IndexConfiguration.config</ConfigFileName>
		<ConfigType>config</ConfigType>
		<SearchProviderUsed>Lucene is used</SearchProviderUsed>
		<ContentDelivery>Enable</ContentDelivery>
		<ContentManagement>Enable</ContentManagement>
		<Processing>Enable</Processing>
		<CMProcessing>Enable</CMProcessing>
		<Reporting>Enable</Reporting>
	</Config>
	<Config>
		<FilePath>\website\App_Config\Include</FilePath>
		<ConfigFileName>Sitecore.Marketing.Search.config</ConfigFileName>
		<ConfigType>config</ConfigType>
		<SearchProviderUsed>Base</SearchProviderUsed>
		<ContentDelivery>Enable</ContentDelivery>
		<ContentManagement>Enable</ContentManagement>
		<Processing>Disable</Processing>
		<CMProcessing>Enable</CMProcessing>
		<Reporting>Disable</Reporting>
	</Config>
	<Config>
		<FilePath>\website\App_Config\Include</FilePath>
		<ConfigFileName>Sitecore.Marketing.Solr.Index.Master.config.disabled</ConfigFileName>
		<ConfigType>disabled</ConfigType>
		<SearchProviderUsed>Solr is used</SearchProviderUsed>
		<ContentDelivery>Disable</ContentDelivery>
		<ContentManagement>Enable</ContentManagement>
		<Processing>Disable</Processing>
		<CMProcessing>Enable</CMProcessing>
		<Reporting>Disable</Reporting>
	</Config>
	<Config>
		<FilePath>\website\App_Config\Include</FilePath>
		<ConfigFileName>Sitecore.Marketing.Solr.Index.Web.config.disabled</ConfigFileName>
		<ConfigType>disabled</ConfigType>
		<SearchProviderUsed>Solr is used</SearchProviderUsed>
		<ContentDelivery>Enable</ContentDelivery>
		<ContentManagement>Disable</ContentManagement>
		<Processing>Disable</Processing>
		<CMProcessing>Disable</CMProcessing>
		<Reporting>Disable</Reporting>
	</Config>
	<Config>
		<FilePath>\website\App_Config\Include</FilePath>
		<ConfigFileName>Sitecore.Marketing.Solr.IndexConfiguration.config.disabled</ConfigFileName>
		<ConfigType>disabled</ConfigType>
		<SearchProviderUsed>Solr is used</SearchProviderUsed>
		<ContentDelivery>Enable</ContentDelivery>
		<ContentManagement>Enable</ContentManagement>
		<Processing>Disable</Processing>
		<CMProcessing>Enable</CMProcessing>
		<Reporting>Disable</Reporting>
	</Config>
	<Config>
		<FilePath>\website\App_Config\Include</FilePath>
		<ConfigFileName>Sitecore.MarketingCD.config.disabled</ConfigFileName>
		<ConfigType>config</ConfigType>
		<ContentDelivery>Enable</ContentDelivery>
		<ContentManagement>Disable</ContentManagement>
		<Processing>Disable</Processing>
		<CMProcessing>Disable</CMProcessing>
		<Reporting>Disable</Reporting>
	</Config>
	<Config>
		<FilePath>\website\App_Config\Include</FilePath>
		<ConfigFileName>Sitecore.MarketingProcessingRole.config.disabled</ConfigFileName>
		<ConfigType>disabled</ConfigType>
		<ContentDelivery>Disable</ContentDelivery>
		<ContentManagement>Disable</ContentManagement>
		<Processing>Enable</Processing>
		<CMProcessing>Enable</CMProcessing>
		<Reporting>Disable</Reporting>
	</Config>
	<Config>
		<FilePath>\website\App_Config\Include</FilePath>
		<ConfigFileName>Sitecore.MarketingReportingRole.config.disabled</ConfigFileName>
		<ConfigType>disabled</ConfigType>
		<ContentDelivery>Disable</ContentDelivery>
		<ContentManagement>Disable</ContentManagement>
		<Processing>Disable</Processing>
		<CMProcessing>Disable</CMProcessing>
		<Reporting>Enable</Reporting>
	</Config>
	<Config>
		<FilePath>\website\App_Config\Include</FilePath>
		<ConfigFileName>Sitecore.Media.RequestProtection.config</ConfigFileName>
		<ConfigType>config</ConfigType>
		<ContentDelivery>Enable</ContentDelivery>
		<ContentManagement>Enable</ContentManagement>
		<Processing>Disable</Processing>
		<CMProcessing>Enable</CMProcessing>
		<Reporting>Disable</Reporting>
	</Config>
	<Config>
		<FilePath>\website\App_Config\Include</FilePath>
		<ConfigFileName>Sitecore.Mvc.config</ConfigFileName>
		<ConfigType>config</ConfigType>
		<ContentDelivery>Enable</ContentDelivery>
		<ContentManagement>Enable</ContentManagement>
		<Processing>Enable</Processing>
		<CMProcessing>Enable</CMProcessing>
		<Reporting>Enable</Reporting>
	</Config>
	<Config>
		<FilePath>\website\App_Config\Include</FilePath>
		<ConfigFileName>Sitecore.MvcAnalytics.config</ConfigFileName>
		<ConfigType>config</ConfigType>
		<ContentDelivery>Enable</ContentDelivery>
		<ContentManagement>Enable</ContentManagement>
		<Processing>Enable</Processing>
		<CMProcessing>Enable</CMProcessing>
		<Reporting>Enable</Reporting>
	</Config>
	<Config>
		<FilePath>\website\App_Config\Include</FilePath>
		<ConfigFileName>Sitecore.MvcExperienceEditor.config</ConfigFileName>
		<ConfigType>config</ConfigType>
		<ContentDelivery>Enable</ContentDelivery>
		<ContentManagement>Enable</ContentManagement>
		<Processing>Enable</Processing>
		<CMProcessing>Enable</CMProcessing>
		<Reporting>Enable</Reporting>
	</Config>
	<Config>
		<FilePath>\website\App_Config\Include</FilePath>
		<ConfigFileName>Sitecore.MvcSimulator.config</ConfigFileName>
		<ConfigType>config</ConfigType>
		<ContentDelivery>Enable</ContentDelivery>
		<ContentManagement>Enable</ContentManagement>
		<Processing>Enable</Processing>
		<CMProcessing>Enable</CMProcessing>
		<Reporting>Enable</Reporting>
	</Config>
	<Config>
		<FilePath>\website\App_Config\Include</FilePath>
		<ConfigFileName>Sitecore.PathAnalyzer.Client.config</ConfigFileName>
		<ConfigType>config</ConfigType>
		<ContentDelivery>Disable</ContentDelivery>
		<ContentManagement>Enable</ContentManagement>
		<Processing>Disable</Processing>
		<CMProcessing>Enable</CMProcessing>
		<Reporting>Disable</Reporting>
	</Config>
	<Config>
		<FilePath>\website\App_Config\Include</FilePath>
		<ConfigFileName>Sitecore.PathAnalyzer.config</ConfigFileName>
		<ConfigType>config</ConfigType>
		<ContentDelivery>Disable</ContentDelivery>
		<ContentManagement>Enable</ContentManagement>
		<Processing>Enable</Processing>
		<CMProcessing>Enable</CMProcessing>
		<Reporting>Enable</Reporting>
	</Config>
	<Config>
		<FilePath>\website\App_Config\Include</FilePath>
		<ConfigFileName>Sitecore.PathAnalyzer.Processing.config</ConfigFileName>
		<ConfigType>config</ConfigType>
		<ContentDelivery>Disable</ContentDelivery>
		<ContentManagement>Disable</ContentManagement>
		<Processing>Enable</Processing>
		<CMProcessing>Enable</CMProcessing>
		<Reporting>Disable</Reporting>
	</Config>
	<Config>
		<FilePath>\website\App_Config\Include</FilePath>
		<ConfigFileName>Sitecore.PathAnalyzer.RemoteClient.config.disabled</ConfigFileName>
		<ConfigType>disabled</ConfigType>
		<ContentDelivery>Disable</ContentDelivery>
		<ContentManagement>Enable</ContentManagement>
		<Processing>Disable</Processing>
		<CMProcessing>Enable</CMProcessing>
		<Reporting>Disable</Reporting>
	</Config>
	<Config>
		<FilePath>\website\App_Config\Include</FilePath>
		<ConfigFileName>Sitecore.PathAnalyzer.Services.config</ConfigFileName>
		<ConfigType>config</ConfigType>
		<ContentDelivery>Disable</ContentDelivery>
		<ContentManagement>Enable</ContentManagement>
		<Processing>Disable</Processing>
		<CMProcessing>Enable</CMProcessing>
		<Reporting>Enable</Reporting>
	</Config>
	<Config>
		<FilePath>\website\App_Config\Include</FilePath>
		<ConfigFileName>Sitecore.PathAnalyzer.Services.RemoteServer.config.disabled</ConfigFileName>
		<ConfigType>disabled</ConfigType>
		<ContentDelivery>Disable</ContentDelivery>
		<ContentManagement>Disable</ContentManagement>
		<Processing>Disable</Processing>
		<CMProcessing>Disable</CMProcessing>
		<Reporting>Enable</Reporting>
	</Config>
	<Config>
		<FilePath>\website\App_Config\Include</FilePath>
		<ConfigFileName>Sitecore.PathAnalyzer.StorageProviders.config</ConfigFileName>
		<ConfigType>config</ConfigType>
		<ContentDelivery>Disable</ContentDelivery>
		<ContentManagement>Enable</ContentManagement>
		<Processing>Enable</Processing>
		<CMProcessing>Enable</CMProcessing>
		<Reporting>Enable</Reporting>
	</Config>
	<Config>
		<FilePath>\website\App_Config\Include</FilePath>
		<ConfigFileName>Sitecore.PipelineProfiling.config.disabled</ConfigFileName>
		<ConfigType>disabled</ConfigType>
		<ContentDelivery>Enable</ContentDelivery>
		<ContentManagement>Enable</ContentManagement>
		<Processing>Enable</Processing>
		<CMProcessing>Enable</CMProcessing>
		<Reporting>Enable</Reporting>
	</Config>
	<Config>
		<FilePath>\website\App_Config\Include</FilePath>
		<ConfigFileName>Sitecore.Processing.config</ConfigFileName>
		<ConfigType>config</ConfigType>
		<ContentDelivery>Disable</ContentDelivery>
		<ContentManagement>Enable</ContentManagement>
		<Processing>Enable</Processing>
		<CMProcessing>Enable</CMProcessing>
		<Reporting>Disable</Reporting>
	</Config>
	<Config>
		<FilePath>\website\App_Config\Include</FilePath>
		<ConfigFileName>Sitecore.Publishing.DedicatedInstance.config.example</ConfigFileName>
		<ConfigType>example</ConfigType>
		<ContentDelivery>n/a</ContentDelivery>
		<ContentManagement>n/a</ContentManagement>
		<Processing>n/a</Processing>
		<CMProcessing>n/a</CMProcessing>
		<Reporting>n/a</Reporting>
	</Config>
	<Config>
		<FilePath>\website\App_Config\Include</FilePath>
		<ConfigFileName>Sitecore.Publishing.EventProvider.Async.config.disabled</ConfigFileName>
		<ConfigType>disabled</ConfigType>
		<ContentDelivery>Disable</ContentDelivery>
		<ContentManagement>Disable</ContentManagement>
		<Processing>Disable</Processing>
		<CMProcessing>Disable</CMProcessing>
		<Reporting>Disable</Reporting>
	</Config>
	<Config>
		<FilePath>\website\App_Config\Include</FilePath>
		<ConfigFileName>Sitecore.Publishing.Optimizations.config.example</ConfigFileName>
		<ConfigType>example</ConfigType>
		<ContentDelivery>n/a</ContentDelivery>
		<ContentManagement>n/a</ContentManagement>
		<Processing>n/a</Processing>
		<CMProcessing>n/a</CMProcessing>
		<Reporting>n/a</Reporting>
	</Config>
	<Config>
		<FilePath>\website\App_Config\Include</FilePath>
		<ConfigFileName>Sitecore.Publishing.Parallel.config.disabled</ConfigFileName>
		<ConfigType>disabled</ConfigType>
		<ContentDelivery>Disable</ContentDelivery>
		<ContentManagement>Disable</ContentManagement>
		<Processing>Disable</Processing>
		<CMProcessing>Disable</CMProcessing>
		<Reporting>Disable</Reporting>
	</Config>
	<Config>
		<FilePath>\website\App_Config\Include</FilePath>
		<ConfigFileName>Sitecore.Publishing.Recovery.config.example</ConfigFileName>
		<ConfigType>example</ConfigType>
		<ContentDelivery>n/a</ContentDelivery>
		<ContentManagement>n/a</ContentManagement>
		<Processing>n/a</Processing>
		<CMProcessing>n/a</CMProcessing>
		<Reporting>n/a</Reporting>
	</Config>
	<Config>
		<FilePath>\website\App_Config\Include</FilePath>
		<ConfigFileName>Sitecore.SegmentBuilder.config</ConfigFileName>
		<ConfigType>config</ConfigType>
		<ContentDelivery>Enable</ContentDelivery>
		<ContentManagement>Enable</ContentManagement>
		<Processing>Enable</Processing>
		<CMProcessing>Enable</CMProcessing>
		<Reporting>Enable</Reporting>
	</Config>
	<Config>
		<FilePath>\website\App_Config\Include</FilePath>
		<ConfigFileName>Sitecore.Services.Client.config</ConfigFileName>
		<ConfigType>config</ConfigType>
		<ContentDelivery>Enable</ContentDelivery>
		<ContentManagement>Enable</ContentManagement>
		<Processing>Enable</Processing>
		<CMProcessing>Enable</CMProcessing>
		<Reporting>Enable</Reporting>
	</Config>
	<Config>
		<FilePath>\website\App_Config\Include</FilePath>
		<ConfigFileName>Sitecore.Shell.MarketingAutomation.config</ConfigFileName>
		<ConfigType>config</ConfigType>
		<ContentDelivery>Disable</ContentDelivery>
		<ContentManagement>Enable</ContentManagement>
		<Processing>Disable</Processing>
		<CMProcessing>Enable</CMProcessing>
		<Reporting>Disable</Reporting>
	</Config>
	<Config>
		<FilePath>\website\App_Config\Include</FilePath>
		<ConfigFileName>Sitecore.Speak.AntiCsrf.SheerUI.config</ConfigFileName>
		<ConfigType>config</ConfigType>
		<ContentDelivery>Disable</ContentDelivery>
		<ContentManagement>Enable</ContentManagement>
		<Processing>Disable</Processing>
		<CMProcessing>Enable</CMProcessing>
		<Reporting>Disable</Reporting>
	</Config>
	<Config>
		<FilePath>\website\App_Config\Include</FilePath>
		<ConfigFileName>Sitecore.Speak.Applications.config</ConfigFileName>
		<ConfigType>config</ConfigType>
		<ContentDelivery>Disable</ContentDelivery>
		<ContentManagement>Enable</ContentManagement>
		<Processing>Enable</Processing>
		<CMProcessing>Enable</CMProcessing>
		<Reporting>Enable</Reporting>
	</Config>
	<Config>
		<FilePath>\website\App_Config\Include</FilePath>
		<ConfigFileName>Sitecore.Speak.ContentSearch.Lucene.config</ConfigFileName>
		<ConfigType>config</ConfigType>
		<SearchProviderUsed>Lucene is used</SearchProviderUsed>
		<ContentDelivery>Disable</ContentDelivery>
		<ContentManagement>Enable</ContentManagement>
		<Processing>Disable</Processing>
		<CMProcessing>Enable</CMProcessing>
		<Reporting>Disable</Reporting>
	</Config>
	<Config>
		<FilePath>\website\App_Config\Include</FilePath>
		<ConfigFileName>Sitecore.Speak.ContentSearch.Solr.config.example</ConfigFileName>
		<ConfigType>config</ConfigType>
		<SearchProviderUsed>Solr is used</SearchProviderUsed>
		<ContentDelivery>Disable</ContentDelivery>
		<ContentManagement>Enable</ContentManagement>
		<Processing>Disable</Processing>
		<CMProcessing>Enable</CMProcessing>
		<Reporting>Disable</Reporting>
	</Config>
	<Config>
		<FilePath>\website\App_Config\Include</FilePath>
		<ConfigFileName>Sitecore.Speak.Components.config</ConfigFileName>
		<ConfigType>config</ConfigType>
		<ContentDelivery>Disable</ContentDelivery>
		<ContentManagement>Enable</ContentManagement>
		<Processing>Disable</Processing>
		<CMProcessing>Enable</CMProcessing>
		<Reporting>Disable</Reporting>
	</Config>
	<Config>
		<FilePath>\website\App_Config\Include</FilePath>
		<ConfigFileName>Sitecore.Speak.config</ConfigFileName>
		<ConfigType>config</ConfigType>
		<ContentDelivery>Disable</ContentDelivery>
		<ContentManagement>Enable</ContentManagement>
		<Processing>Disable</Processing>
		<CMProcessing>Enable</CMProcessing>
		<Reporting>Disable</Reporting>
	</Config>
	<Config>
		<FilePath>\website\App_Config\Include</FilePath>
		<ConfigFileName>Sitecore.Speak.ItemWebApi.config</ConfigFileName>
		<ConfigType>config</ConfigType>
		<ContentDelivery>Disable</ContentDelivery>
		<ContentManagement>Enable</ContentManagement>
		<Processing>Disable</Processing>
		<CMProcessing>Enable</CMProcessing>
		<Reporting>Disable</Reporting>
	</Config>
	<Config>
		<FilePath>\website\App_Config\Include</FilePath>
		<ConfigFileName>Sitecore.Speak.LaunchPad.config</ConfigFileName>
		<ConfigType>config</ConfigType>
		<ContentDelivery>Disable</ContentDelivery>
		<ContentManagement>Enable</ContentManagement>
		<Processing>Disable</Processing>
		<CMProcessing>Enable</CMProcessing>
		<Reporting>Disable</Reporting>
	</Config>
	<Config>
		<FilePath>\website\App_Config\Include</FilePath>
		<ConfigFileName>Sitecore.Speak.Mvc.config</ConfigFileName>
		<ConfigType>config</ConfigType>
		<ContentDelivery>Disable</ContentDelivery>
		<ContentManagement>Enable</ContentManagement>
		<Processing>Disable</Processing>
		<CMProcessing>Enable</CMProcessing>
		<Reporting>Disable</Reporting>
	</Config>
	<Config>
		<FilePath>\website\App_Config\Include</FilePath>
		<ConfigFileName>Sitecore.WebDAV.config</ConfigFileName>
		<ConfigType>config</ConfigType>
		<ContentDelivery>Disable</ContentDelivery>
		<ContentManagement>Enable</ContentManagement>
		<Processing>Disable</Processing>
		<CMProcessing>Enable</CMProcessing>
		<Reporting>Disable</Reporting>
	</Config>
	<Config>
		<FilePath>\website\App_Config\Include</FilePath>
		<ConfigFileName>Sitecore.Xdb.config</ConfigFileName>
		<ConfigType>config</ConfigType>
		<ContentDelivery>Enable</ContentDelivery>
		<ContentManagement>Enable</ContentManagement>
		<Processing>Enable</Processing>
		<CMProcessing>Enable</CMProcessing>
		<Reporting>Enable</Reporting>
	</Config>
	<Config>
		<FilePath>\website\App_Config\Include</FilePath>
		<ConfigFileName>Sitecore.Xdb.Remote.Client.config.disabled</ConfigFileName>
		<ConfigType>disabled</ConfigType>
		<ContentDelivery>Disable</ContentDelivery>
		<ContentManagement>Enable</ContentManagement>
		<Processing>Disable</Processing>
		<CMProcessing>Enable</CMProcessing>
		<Reporting>Disable</Reporting>
	</Config>
	<Config>
		<FilePath>\website\App_Config\Include</FilePath>
		<ConfigFileName>Sitecore.Xdb.Remote.Client.MarketingAssets.config.disabled</ConfigFileName>
		<ConfigType>disabled</ConfigType>
		<ContentDelivery>Disable</ContentDelivery>
		<ContentManagement>Enable</ContentManagement>
		<Processing>Disable</Processing>
		<CMProcessing>Enable</CMProcessing>
		<Reporting>Disable</Reporting>
	</Config>
	<Config>
		<FilePath>\website\App_Config\Include</FilePath>
		<ConfigFileName>Sitecore.Xdb.Remote.Server.config.disabled</ConfigFileName>
		<ConfigType>disabled</ConfigType>
		<ContentDelivery>Disable</ContentDelivery>
		<ContentManagement>Disable</ContentManagement>
		<Processing>Disable</Processing>
		<CMProcessing>Disable</CMProcessing>
		<Reporting>Enable</Reporting>
	</Config>
	<Config>
		<FilePath>\website\App_Config\Include</FilePath>
		<ConfigFileName>Sitecore.Xdb.Remote.Server.MarketingAssets.config.disabled</ConfigFileName>
		<ConfigType>disabled</ConfigType>
		<ContentDelivery>Disable</ContentDelivery>
		<ContentManagement>Disable</ContentManagement>
		<Processing>Disable</Processing>
		<CMProcessing>Disable</CMProcessing>
		<Reporting>Enable</Reporting>
	</Config>
	<Config>
		<FilePath>\website\App_Config\Include</FilePath>
		<ConfigFileName>SitecoreSettings.config.example</ConfigFileName>
		<ConfigType>example</ConfigType>
		<ContentDelivery>n/a</ContentDelivery>
		<ContentManagement>n/a</ContentManagement>
		<Processing>n/a</Processing>
		<CMProcessing>n/a</CMProcessing>
		<Reporting>n/a</Reporting>
	</Config>
	<Config>
		<FilePath>\website\App_Config\Include</FilePath>
		<ConfigFileName>SiteDefinition.config.example</ConfigFileName>
		<ConfigType>example</ConfigType>
		<ContentDelivery>n/a</ContentDelivery>
		<ContentManagement>n/a</ContentManagement>
		<Processing>n/a</Processing>
		<CMProcessing>n/a</CMProcessing>
		<Reporting>n/a</Reporting>
	</Config>
	<Config>
		<FilePath>\website\App_Config\Include</FilePath>
		<ConfigFileName>UseServerSideRedirect.config</ConfigFileName>
		<ConfigType>config</ConfigType>
		<ContentDelivery>Enable</ContentDelivery>
		<ContentManagement>Enable</ContentManagement>
		<Processing>Enable</Processing>
		<CMProcessing>Enable</CMProcessing>
		<Reporting>Enable</Reporting>
	</Config>
	<Config>
		<FilePath>\website\App_Config\Include</FilePath>
		<ConfigFileName>WebDeploy.config.example</ConfigFileName>
		<ConfigType>example</ConfigType>
		<ContentDelivery>n/a</ContentDelivery>
		<ContentManagement>n/a</ContentManagement>
		<Processing>n/a</Processing>
		<CMProcessing>n/a</CMProcessing>
		<Reporting>n/a</Reporting>
	</Config>
	<Config>
		<FilePath>\website\App_Config\Include</FilePath>
		<ConfigFileName>XslExtension.config.example</ConfigFileName>
		<ConfigType>example</ConfigType>
		<ContentDelivery>n/a</ContentDelivery>
		<ContentManagement>n/a</ContentManagement>
		<Processing>n/a</Processing>
		<CMProcessing>n/a</CMProcessing>
		<Reporting>n/a</Reporting>
	</Config>
	<Config>
		<FilePath>\website\App_Config\Include\CES</FilePath>
		<ConfigFileName>Sitecore.CES.config</ConfigFileName>
		<ConfigType>config</ConfigType>
		<ContentDelivery>Enable</ContentDelivery>
		<ContentManagement>Enable</ContentManagement>
		<Processing>Enable</Processing>
		<CMProcessing>Enable</CMProcessing>
		<Reporting>Enable</Reporting>
	</Config>
	<Config>
		<FilePath>\website\App_Config\Include\CES</FilePath>
		<ConfigFileName>Sitecore.CES.DeviceDetection.CheckInitialization.config.disabled</ConfigFileName>
		<ConfigType>disabled</ConfigType>
		<ContentDelivery>Disable</ContentDelivery>
		<ContentManagement>Disable</ContentManagement>
		<Processing>Enable</Processing>
		<CMProcessing>Enable</CMProcessing>
		<Reporting>Disable</Reporting>
	</Config>
	<Config>
		<FilePath>\website\App_Config\Include\CES</FilePath>
		<ConfigFileName>Sitecore.CES.DeviceDetection.config</ConfigFileName>
		<ConfigType>config</ConfigType>
		<ContentDelivery>Enable</ContentDelivery>
		<ContentManagement>Enable</ContentManagement>
		<Processing>Enable</Processing>
		<CMProcessing>Enable</CMProcessing>
		<Reporting>Enable</Reporting>
	</Config>
	<Config>
		<FilePath>\website\App_Config\Include\CES</FilePath>
		<ConfigFileName>Sitecore.CES.GeoIp.config</ConfigFileName>
		<ConfigType>config</ConfigType>
		<ContentDelivery>Enable</ContentDelivery>
		<ContentManagement>Enable</ContentManagement>
		<Processing>Enable</Processing>
		<CMProcessing>Enable</CMProcessing>
		<Reporting>Enable</Reporting>
	</Config>
	<Config>
		<FilePath>\website\App_Config\Include\CES</FilePath>
		<ConfigFileName>Sitecore.CES.GeoIp.LegacyLocation.config</ConfigFileName>
		<ConfigType>config</ConfigType>
		<ContentDelivery>Enable</ContentDelivery>
		<ContentManagement>Enable</ContentManagement>
		<Processing>Enable</Processing>
		<CMProcessing>Enable</CMProcessing>
		<Reporting>Enable</Reporting>
	</Config>
	<Config>
		<FilePath>\website\App_Config\Include\Channel</FilePath>
		<ConfigFileName>Sitecore.Analytics.Channel.config</ConfigFileName>
		<ConfigType>config</ConfigType>
		<ContentDelivery>Enable</ContentDelivery>
		<ContentManagement>Enable</ContentManagement>
		<Processing>Enable</Processing>
		<CMProcessing>Enable</CMProcessing>
		<Reporting>Enable</Reporting>
	</Config>
	<Config>
		<FilePath>\website\App_Config\Include\ContentTesting</FilePath>
		<ConfigFileName>Sitecore.ContentTesting.ApplicationDependencies.config</ConfigFileName>
		<ConfigType>config</ConfigType>
		<ContentDelivery>Disable</ContentDelivery>
		<ContentManagement>Enable</ContentManagement>
		<Processing>Disable</Processing>
		<CMProcessing>Enable</CMProcessing>
		<Reporting>Disable</Reporting>
	</Config>
	<Config>
		<FilePath>\website\App_Config\Include\ContentTesting</FilePath>
		<ConfigFileName>Sitecore.ContentTesting.Client.RulePerformance.config.disabled</ConfigFileName>
		<ConfigType>disabled</ConfigType>
		<ContentDelivery>Disable</ContentDelivery>
		<ContentManagement>Enable</ContentManagement>
		<Processing>Disable</Processing>
		<CMProcessing>Enable</CMProcessing>
		<Reporting>Disable</Reporting>
	</Config>
	<Config>
		<FilePath>\website\App_Config\Include\ContentTesting</FilePath>
		<ConfigFileName>Sitecore.ContentTesting.config</ConfigFileName>
		<ConfigType>config</ConfigType>
		<ContentDelivery>Enable</ContentDelivery>
		<ContentManagement>Enable</ContentManagement>
		<Processing>Enable</Processing>
		<CMProcessing>Enable</CMProcessing>
		<Reporting>Enable</Reporting>
	</Config>
	<Config>
		<FilePath>\website\App_Config\Include\ContentTesting</FilePath>
		<ConfigFileName>Sitecore.ContentTesting.Intelligence.config</ConfigFileName>
		<ConfigType>config</ConfigType>
		<ContentDelivery>Enable</ContentDelivery>
		<ContentManagement>Enable</ContentManagement>
		<Processing>Enable</Processing>
		<CMProcessing>Enable</CMProcessing>
		<Reporting>Enable</Reporting>
	</Config>
	<Config>
		<FilePath>\website\App_Config\Include\ContentTesting</FilePath>
		<ConfigFileName>Sitecore.ContentTesting.Lucene.IndexConfiguration.config</ConfigFileName>
		<ConfigType>config</ConfigType>
		<SearchProviderUsed>Lucene is used</SearchProviderUsed>
		<ContentDelivery>Disable</ContentDelivery>
		<ContentManagement>Enable</ContentManagement>
		<Processing>Enable</Processing>
		<CMProcessing>Enable</CMProcessing>
		<Reporting>Disable</Reporting>
	</Config>
	<Config>
		<FilePath>\website\App_Config\Include\ContentTesting</FilePath>
		<ConfigFileName>Sitecore.ContentTesting.Mvc.config</ConfigFileName>
		<ConfigType>config</ConfigType>
		<ContentDelivery>Enable</ContentDelivery>
		<ContentManagement>Enable</ContentManagement>
		<Processing>Enable</Processing>
		<CMProcessing>Enable</CMProcessing>
		<Reporting>Enable</Reporting>
	</Config>
	<Config>
		<FilePath>\website\App_Config\Include\ContentTesting</FilePath>
		<ConfigFileName>Sitecore.ContentTesting.PreemptiveScreenshot.config.disabled</ConfigFileName>
		<ConfigType>disabled</ConfigType>
		<ContentDelivery>Disable</ContentDelivery>
		<ContentManagement>Enable</ContentManagement>
		<Processing>Disable</Processing>
		<CMProcessing>Enable</CMProcessing>
		<Reporting>Disable</Reporting>
	</Config>
	<Config>
		<FilePath>\website\App_Config\Include\ContentTesting</FilePath>
		<ConfigFileName>Sitecore.ContentTesting.Processing.Aggregation.config</ConfigFileName>
		<ConfigType>config</ConfigType>
		<ContentDelivery>Disable</ContentDelivery>
		<ContentManagement>Disable</ContentManagement>
		<Processing>Enable</Processing>
		<CMProcessing>Enable</CMProcessing>
		<Reporting>Disable</Reporting>
	</Config>
	<Config>
		<FilePath>\website\App_Config\Include\ContentTesting</FilePath>
		<ConfigFileName>Sitecore.ContentTesting.Solr.IndexConfiguration.config.disabled</ConfigFileName>
		<ConfigType>disabled</ConfigType>
		<SearchProviderUsed>Solr is used</SearchProviderUsed>
		<ContentDelivery>Disable</ContentDelivery>
		<ContentManagement>Enable</ContentManagement>
		<Processing>Enable</Processing>
		<CMProcessing>Enable</CMProcessing>
		<Reporting>Disable</Reporting>
	</Config>
	<Config>
		<FilePath>\website\App_Config\Include\ExperienceAnalytics</FilePath>
		<ConfigFileName>Sitecore.ExperienceAnalytics.Aggregation.config</ConfigFileName>
		<ConfigType>config</ConfigType>
		<ContentDelivery>Disable</ContentDelivery>
		<ContentManagement>Disable</ContentManagement>
		<Processing>Enable</Processing>
		<CMProcessing>Enable</CMProcessing>
		<Reporting>Disable</Reporting>
	</Config>
	<Config>
		<FilePath>\website\App_Config\Include\ExperienceAnalytics</FilePath>
		<ConfigFileName>Sitecore.ExperienceAnalytics.Client.config</ConfigFileName>
		<ConfigType>config</ConfigType>
		<ContentDelivery>Disable</ContentDelivery>
		<ContentManagement>Enable</ContentManagement>
		<Processing>Disable</Processing>
		<CMProcessing>Enable</CMProcessing>
		<Reporting>Disable</Reporting>
	</Config>
	<Config>
		<FilePath>\website\App_Config\Include\ExperienceAnalytics</FilePath>
		<ConfigFileName>Sitecore.ExperienceAnalytics.ReAggregation.config.disabled</ConfigFileName>
		<ConfigType>disabled</ConfigType>
		<ContentDelivery>Disable</ContentDelivery>
		<ContentManagement>Disable</ContentManagement>
		<Processing>Enable</Processing>
		<CMProcessing>Enable</CMProcessing>
		<Reporting>Enable</Reporting>
	</Config>
	<Config>
		<FilePath>\website\App_Config\Include\ExperienceAnalytics</FilePath>
		<ConfigFileName>Sitecore.ExperienceAnalytics.ReAggregation.Scheduling.config.disabled</ConfigFileName>
		<ConfigType>disabled</ConfigType>
		<ContentDelivery>Disable</ContentDelivery>
		<ContentManagement>Disable</ContentManagement>
		<Processing>Disable</Processing>
		<CMProcessing>Disable</CMProcessing>
		<Reporting>Enable</Reporting>
	</Config>
	<Config>
		<FilePath>\website\App_Config\Include\ExperienceAnalytics</FilePath>
		<ConfigFileName>Sitecore.ExperienceAnalytics.Reduce.config</ConfigFileName>
		<ConfigType>config</ConfigType>
		<ContentDelivery>Disable</ContentDelivery>
		<ContentManagement>Disable</ContentManagement>
		<Processing>Disable</Processing>
		<CMProcessing>Disable</CMProcessing>
		<Reporting>Enable</Reporting>
	</Config>
	<Config>
		<FilePath>\website\App_Config\Include\ExperienceAnalytics</FilePath>
		<ConfigFileName>Sitecore.ExperienceAnalytics.StorageProviders.config</ConfigFileName>
		<ConfigType>config</ConfigType>
		<ContentDelivery>Disable</ContentDelivery>
		<ContentManagement>Disable</ContentManagement>
		<Processing>Enable</Processing>
		<CMProcessing>Enable</CMProcessing>
		<Reporting>Enable</Reporting>
	</Config>
	<Config>
		<FilePath>\website\App_Config\Include\ExperienceAnalytics</FilePath>
		<ConfigFileName>Sitecore.ExperienceAnalytics.WebAPI.config</ConfigFileName>
		<ConfigType>config</ConfigType>
		<ContentDelivery>Disable</ContentDelivery>
		<ContentManagement>Enable</ContentManagement>
		<Processing>Disable</Processing>
		<CMProcessing>Enable</CMProcessing>
		<Reporting>Disable</Reporting>
	</Config>
	<Config>
		<FilePath>\website\App_Config\Include\ExperienceProfile</FilePath>
		<ConfigFileName>Sitecore.ExperienceProfile.Client.config</ConfigFileName>
		<ConfigType>config</ConfigType>
		<ContentDelivery>Disable</ContentDelivery>
		<ContentManagement>Enable</ContentManagement>
		<Processing>Disable</Processing>
		<CMProcessing>Enable</CMProcessing>
		<Reporting>Disable</Reporting>
	</Config>
	<Config>
		<FilePath>\website\App_Config\Include\ExperienceProfile</FilePath>
		<ConfigFileName>Sitecore.ExperienceProfile.config</ConfigFileName>
		<ConfigType>config</ConfigType>
		<ContentDelivery>Disable</ContentDelivery>
		<ContentManagement>Enable</ContentManagement>
		<Processing>Disable</Processing>
		<CMProcessing>Enable</CMProcessing>
		<Reporting>Enable</Reporting>
	</Config>
	<Config>
		<FilePath>\website\App_Config\Include\ExperienceProfile</FilePath>
		<ConfigFileName>Sitecore.ExperienceProfile.Reporting.config</ConfigFileName>
		<ConfigType>config</ConfigType>
		<ContentDelivery>Disable</ContentDelivery>
		<ContentManagement>Enable</ContentManagement>
		<Processing>Disable</Processing>
		<CMProcessing>Enable</CMProcessing>
		<Reporting>Enable</Reporting>
	</Config>
	<Config>
		<FilePath>\website\App_Config\Include\FXM</FilePath>
		<ConfigFileName>Sitecore.FXM.Bundle.config</ConfigFileName>
		<ConfigType>config</ConfigType>
		<ContentDelivery>Enable</ContentDelivery>
		<ContentManagement>Enable</ContentManagement>
		<Processing>Enable</Processing>
		<CMProcessing>Enable</CMProcessing>
		<Reporting>Enable</Reporting>
	</Config>
	<Config>
		<FilePath>\website\App_Config\Include\FXM</FilePath>
		<ConfigFileName>Sitecore.FXM.config</ConfigFileName>
		<ConfigType>config</ConfigType>
		<ContentDelivery>Enable</ContentDelivery>
		<ContentManagement>Enable</ContentManagement>
		<Processing>Enable</Processing>
		<CMProcessing>Enable</CMProcessing>
		<Reporting>Enable</Reporting>
	</Config>
	<Config>
		<FilePath>\website\App_Config\Include\FXM</FilePath>
		<ConfigFileName>Sitecore.FXM.Lucene.DomainsSearch.DefaultIndexConfiguration.config</ConfigFileName>
		<ConfigType>config</ConfigType>
		<SearchProviderUsed>Lucene is used</SearchProviderUsed>
		<ContentDelivery>Disable</ContentDelivery>
		<ContentManagement>Enable</ContentManagement>
		<Processing>Disable</Processing>
		<CMProcessing>Enable</CMProcessing>
		<Reporting>Disable</Reporting>
	</Config>
	<Config>
		<FilePath>\website\App_Config\Include\FXM</FilePath>
		<ConfigFileName>Sitecore.FXM.Lucene.DomainsSearch.Index.Master.config</ConfigFileName>
		<ConfigType>config</ConfigType>
		<SearchProviderUsed>Lucene is used</SearchProviderUsed>
		<ContentDelivery>Disable</ContentDelivery>
		<ContentManagement>Enable</ContentManagement>
		<Processing>Disable</Processing>
		<CMProcessing>Enable</CMProcessing>
		<Reporting>Disable</Reporting>
	</Config>
	<Config>
		<FilePath>\website\App_Config\Include\FXM</FilePath>
		<ConfigFileName>Sitecore.FXM.Lucene.DomainsSearch.Index.Web.config</ConfigFileName>
		<ConfigType>config</ConfigType>
		<SearchProviderUsed>Lucene is used</SearchProviderUsed>
		<ContentDelivery>Enable</ContentDelivery>
		<ContentManagement>Disable</ContentManagement>
		<Processing>Disable</Processing>
		<CMProcessing>Disable</CMProcessing>
		<Reporting>Disable</Reporting>
	</Config>
	<Config>
		<FilePath>\website\App_Config\Include\FXM</FilePath>
		<ConfigFileName>Sitecore.FXM.Solr.DomainsSearch.DefaultIndexConfiguration.config.disabled</ConfigFileName>
		<ConfigType>disabled</ConfigType>
		<SearchProviderUsed>Solr is used</SearchProviderUsed>
		<ContentDelivery>Disable</ContentDelivery>
		<ContentManagement>Enable</ContentManagement>
		<Processing>Disable</Processing>
		<CMProcessing>Enable</CMProcessing>
		<Reporting>Disable</Reporting>
	</Config>
	<Config>
		<FilePath>\website\App_Config\Include\FXM</FilePath>
		<ConfigFileName>Sitecore.FXM.Solr.DomainsSearch.Index.Master.config.disabled</ConfigFileName>
		<ConfigType>disabled</ConfigType>
		<SearchProviderUsed>Solr is used</SearchProviderUsed>
		<ContentDelivery>Disable</ContentDelivery>
		<ContentManagement>Enable</ContentManagement>
		<Processing>Disable</Processing>
		<CMProcessing>Enable</CMProcessing>
		<Reporting>Disable</Reporting>
	</Config>
	<Config>
		<FilePath>\website\App_Config\Include\FXM</FilePath>
		<ConfigFileName>Sitecore.FXM.Solr.DomainsSearch.Index.Web.config.disabled</ConfigFileName>
		<ConfigType>disabled</ConfigType>
		<SearchProviderUsed>Solr is used</SearchProviderUsed>
		<ContentDelivery>Enable</ContentDelivery>
		<ContentManagement>Disable</ContentManagement>
		<Processing>Disable</Processing>
		<CMProcessing>Disable</CMProcessing>
		<Reporting>Disable</Reporting>
	</Config>
	<Config>
		<FilePath>\website\App_Config\Include\FXM</FilePath>
		<ConfigFileName>Sitecore.FXM.Speak.config</ConfigFileName>
		<ConfigType>config</ConfigType>
		<ContentDelivery>Disable</ContentDelivery>
		<ContentManagement>Enable</ContentManagement>
		<Processing>Disable</Processing>
		<CMProcessing>Enable</CMProcessing>
		<Reporting>Disable</Reporting>
	</Config>
	<Config>
		<FilePath>\website\App_Config\Include\</FilePath>
		<ConfigFileName>Sitecore.LanguageFallback.config</ConfigFileName>
		<ConfigType>config</ConfigType>
		<ContentDelivery>Enable</ContentDelivery>
		<ContentManagement>Enable</ContentManagement>
		<Processing>Enable</Processing>
		<CMProcessing>Enable</CMProcessing>
		<Reporting>Enable</Reporting>
	</Config>
	<Config>
		<FilePath>\website\App_Config\Include\ListManagement</FilePath>
		<ConfigFileName>Sitecore.ListManagement.Client.config</ConfigFileName>
		<ConfigType>config</ConfigType>
		<ContentDelivery>Disable</ContentDelivery>
		<ContentManagement>Enable</ContentManagement>
		<Processing>Disable</Processing>
		<CMProcessing>Enable</CMProcessing>
		<Reporting>Disable</Reporting>
	</Config>
	<Config>
		<FilePath>\website\App_Config\Include\ListManagement</FilePath>
		<ConfigFileName>Sitecore.ListManagement.config</ConfigFileName>
		<ConfigType>config</ConfigType>
		<ContentDelivery>Disable</ContentDelivery>
		<ContentManagement>Enable</ContentManagement>
		<Processing>Disable</Processing>
		<CMProcessing>Enable</CMProcessing>
		<Reporting>Disable</Reporting>
	</Config>
	<Config>
		<FilePath>\website\App_Config\Include\ListManagement</FilePath>
		<ConfigFileName>Sitecore.ListManagement.Lucene.Index.List.config</ConfigFileName>
		<ConfigType>config</ConfigType>
		<SearchProviderUsed>Lucene is used</SearchProviderUsed>
		<ContentDelivery>Disable</ContentDelivery>
		<ContentManagement>Enable</ContentManagement>
		<Processing>Disable</Processing>
		<CMProcessing>Enable</CMProcessing>
		<Reporting>Disable</Reporting>
	</Config>
	<Config>
		<FilePath>\website\App_Config\Include\ListManagement</FilePath>
		<ConfigFileName>Sitecore.ListManagement.Lucene.IndexConfiguration.config</ConfigFileName>
		<ConfigType>config</ConfigType>
		<SearchProviderUsed>Lucene is used</SearchProviderUsed>
		<ContentDelivery>Disable</ContentDelivery>
		<ContentManagement>Enable</ContentManagement>
		<Processing>Disable</Processing>
		<CMProcessing>Enable</CMProcessing>
		<Reporting>Disable</Reporting>
	</Config>
	<Config>
		<FilePath>\website\App_Config\Include\ListManagement</FilePath>
		<ConfigFileName>Sitecore.ListManagement.Services.config</ConfigFileName>
		<ConfigType>config</ConfigType>
		<ContentDelivery>Disable</ContentDelivery>
		<ContentManagement>Enable</ContentManagement>
		<Processing>Disable</Processing>
		<CMProcessing>Enable</CMProcessing>
		<Reporting>Disable</Reporting>
	</Config>
	<Config>
		<FilePath>\website\App_Config\Include\ListManagement</FilePath>
		<ConfigFileName>Sitecore.ListManagement.Solr.Index.List.config.disabled</ConfigFileName>
		<ConfigType>disabled</ConfigType>
		<SearchProviderUsed>Solr is used</SearchProviderUsed>
		<ContentDelivery>Disable</ContentDelivery>
		<ContentManagement>Enable</ContentManagement>
		<Processing>Disable</Processing>
		<CMProcessing>Enable</CMProcessing>
		<Reporting>Disable</Reporting>
	</Config>
	<Config>
		<FilePath>\website\App_Config\Include\ListManagement</FilePath>
		<ConfigFileName>Sitecore.ListManagement.Solr.IndexConfiguration.config.disabled</ConfigFileName>
		<ConfigType>disabled</ConfigType>
		<SearchProviderUsed>Solr is used</SearchProviderUsed>
		<ContentDelivery>Disable</ContentDelivery>
		<ContentManagement>Enable</ContentManagement>
		<Processing>Disable</Processing>
		<CMProcessing>Enable</CMProcessing>
		<Reporting>Disable</Reporting>
	</Config>
	<Config>
		<FilePath>\website\App_Config\Include\Marketing</FilePath>
		<ConfigFileName>Sitecore.Marketing.Campaigns.Client.config</ConfigFileName>
		<ConfigType>config</ConfigType>
		<ContentDelivery>Enable</ContentDelivery>
		<ContentManagement>Enable</ContentManagement>
		<Processing>Enable</Processing>
		<CMProcessing>Enable</CMProcessing>
		<Reporting>Enable</Reporting>
	</Config>
	<Config>
		<FilePath>\website\App_Config\Include\Marketing</FilePath>
		<ConfigFileName>Sitecore.Marketing.Campaigns.Services.config</ConfigFileName>
		<ConfigType>config</ConfigType>
		<ContentDelivery>Enable</ContentDelivery>
		<ContentManagement>Enable</ContentManagement>
		<Processing>Enable</Processing>
		<CMProcessing>Enable</CMProcessing>
		<Reporting>Enable</Reporting>
	</Config>
	<Config>
		<FilePath>\website\App_Config\Include\Social</FilePath>
		<ConfigFileName>Sitecore.Social.config</ConfigFileName>
		<ConfigType>config</ConfigType>
		<ContentDelivery>Enable</ContentDelivery>
		<ContentManagement>Enable</ContentManagement>
		<Processing>Disable</Processing>
		<CMProcessing>Enable</CMProcessing>
		<Reporting>Disable</Reporting>
	</Config>
	<Config>
		<FilePath>\website\App_Config\Include\Social</FilePath>
		<ConfigFileName>Sitecore.Social.ExperienceProfile.config</ConfigFileName>
		<ConfigType>config</ConfigType>
		<ContentDelivery>Disable</ContentDelivery>
		<ContentManagement>Enable</ContentManagement>
		<Processing>Disable</Processing>
		<CMProcessing>Enable</CMProcessing>
		<Reporting>Disable</Reporting>
	</Config>
	<Config>
		<FilePath>\website\App_Config\Include\Social</FilePath>
		<ConfigFileName>Sitecore.Social.Facebook.config</ConfigFileName>
		<ConfigType>config</ConfigType>
		<ContentDelivery>Enable</ContentDelivery>
		<ContentManagement>Enable</ContentManagement>
		<Processing>Disable</Processing>
		<CMProcessing>Enable</CMProcessing>
		<Reporting>Disable</Reporting>
	</Config>
	<Config>
		<FilePath>\website\App_Config\Include\Social</FilePath>
		<ConfigFileName>Sitecore.Social.GooglePlus.config</ConfigFileName>
		<ConfigType>config</ConfigType>
		<ContentDelivery>Enable</ContentDelivery>
		<ContentManagement>Enable</ContentManagement>
		<Processing>Disable</Processing>
		<CMProcessing>Enable</CMProcessing>
		<Reporting>Disable</Reporting>
	</Config>
	<Config>
		<FilePath>\website\App_Config\Include\Social</FilePath>
		<ConfigFileName>Sitecore.Social.Klout.config.disabled</ConfigFileName>
		<ConfigType>disabled</ConfigType>
		<ContentDelivery>Disable</ContentDelivery>
		<ContentManagement>Disable</ContentManagement>
		<Processing>Disable</Processing>
		<CMProcessing>Disable</CMProcessing>
		<Reporting>Disable</Reporting>
	</Config>
	<Config>
		<FilePath>\website\App_Config\Include\Social</FilePath>
		<ConfigFileName>Sitecore.Social.LinkedIn.config</ConfigFileName>
		<ConfigType>config</ConfigType>
		<ContentDelivery>Enable</ContentDelivery>
		<ContentManagement>Enable</ContentManagement>
		<Processing>Disable</Processing>
		<CMProcessing>Enable</CMProcessing>
		<Reporting>Disable</Reporting>
	</Config>
	<Config>
		<FilePath>\website\App_Config\Include\Social</FilePath>
		<ConfigFileName>Sitecore.Social.Lucene.Index.Master.config</ConfigFileName>
		<ConfigType>config</ConfigType>
		<SearchProviderUsed>Lucene is used</SearchProviderUsed>
		<ContentDelivery>Disable</ContentDelivery>
		<ContentManagement>Enable</ContentManagement>
		<Processing>Disable</Processing>
		<CMProcessing>Enable</CMProcessing>
		<Reporting>Disable</Reporting>
	</Config>
	<Config>
		<FilePath>\website\App_Config\Include\Social</FilePath>
		<ConfigFileName>Sitecore.Social.Lucene.Index.Web.config</ConfigFileName>
		<ConfigType>config</ConfigType>
		<SearchProviderUsed>Lucene is used</SearchProviderUsed>
		<ContentDelivery>Enable</ContentDelivery>
		<ContentManagement>Disable</ContentManagement>
		<Processing>Disable</Processing>
		<CMProcessing>Disable</CMProcessing>
		<Reporting>Disable</Reporting>
	</Config>
	<Config>
		<FilePath>\website\App_Config\Include\Social</FilePath>
		<ConfigFileName>Sitecore.Social.Lucene.IndexConfiguration.config</ConfigFileName>
		<ConfigType>config</ConfigType>
		<SearchProviderUsed>Lucene is used</SearchProviderUsed>
		<ContentDelivery>Enable</ContentDelivery>
		<ContentManagement>Enable</ContentManagement>
		<Processing>Disable</Processing>
		<CMProcessing>Enable</CMProcessing>
		<Reporting>Disable</Reporting>
	</Config>
	<Config>
		<FilePath>\website\App_Config\Include\Social</FilePath>
		<ConfigFileName>Sitecore.Social.ProfileMapping.Facebook.config</ConfigFileName>
		<ConfigType>config</ConfigType>
		<ContentDelivery>Enable</ContentDelivery>
		<ContentManagement>Enable</ContentManagement>
		<Processing>Disable</Processing>
		<CMProcessing>Enable</CMProcessing>
		<Reporting>Disable</Reporting>
	</Config>
	<Config>
		<FilePath>\website\App_Config\Include\Social</FilePath>
		<ConfigFileName>Sitecore.Social.ProfileMapping.GooglePlus.config</ConfigFileName>
		<ConfigType>config</ConfigType>
		<ContentDelivery>Enable</ContentDelivery>
		<ContentManagement>Enable</ContentManagement>
		<Processing>Disable</Processing>
		<CMProcessing>Enable</CMProcessing>
		<Reporting>Disable</Reporting>
	</Config>
	<Config>
		<FilePath>\website\App_Config\Include\Social</FilePath>
		<ConfigFileName>Sitecore.Social.ProfileMapping.LinkedIn.config</ConfigFileName>
		<ConfigType>config</ConfigType>
		<ContentDelivery>Enable</ContentDelivery>
		<ContentManagement>Enable</ContentManagement>
		<Processing>Disable</Processing>
		<CMProcessing>Enable</CMProcessing>
		<Reporting>Disable</Reporting>
	</Config>
	<Config>
		<FilePath>\website\App_Config\Include\Social</FilePath>
		<ConfigFileName>Sitecore.Social.ProfileMapping.Twitter.config</ConfigFileName>
		<ConfigType>config</ConfigType>
		<ContentDelivery>Enable</ContentDelivery>
		<ContentManagement>Enable</ContentManagement>
		<Processing>Disable</Processing>
		<CMProcessing>Enable</CMProcessing>
		<Reporting>Disable</Reporting>
	</Config>
	<Config>
		<FilePath>\website\App_Config\Include\Social</FilePath>
		<ConfigFileName>Sitecore.Social.ScalabilitySettings.config.disabled</ConfigFileName>
		<ConfigType>disabled</ConfigType>
		<ContentDelivery>Enable</ContentDelivery>
		<ContentManagement>Enable</ContentManagement>
		<Processing>Disable</Processing>
		<CMProcessing>Enable</CMProcessing>
		<Reporting>Disable</Reporting>
	</Config>
	<Config>
		<FilePath>\website\App_Config\Include\Social</FilePath>
		<ConfigFileName>Sitecore.Social.SocialMarketer.config</ConfigFileName>
		<ConfigType>config</ConfigType>
		<ContentDelivery>Enable</ContentDelivery>
		<ContentManagement>Enable</ContentManagement>
		<Processing>Disable</Processing>
		<CMProcessing>Enable</CMProcessing>
		<Reporting>Disable</Reporting>
	</Config>
	<Config>
		<FilePath>\website\App_Config\Include\Social</FilePath>
		<ConfigFileName>Sitecore.Social.Solr.Index.Master.config.disabled</ConfigFileName>
		<ConfigType>disabled</ConfigType>
		<SearchProviderUsed>Solr is used</SearchProviderUsed>
		<ContentDelivery>Disable</ContentDelivery>
		<ContentManagement>Enable</ContentManagement>
		<Processing>Disable</Processing>
		<CMProcessing>Enable</CMProcessing>
		<Reporting>Disable</Reporting>
	</Config>
	<Config>
		<FilePath>\website\App_Config\Include\Social</FilePath>
		<ConfigFileName>Sitecore.Social.Solr.Index.Web.config.disabled</ConfigFileName>
		<ConfigType>disabled</ConfigType>
		<SearchProviderUsed>Solr is used</SearchProviderUsed>
		<ContentDelivery>Enable</ContentDelivery>
		<ContentManagement>Disable</ContentManagement>
		<Processing>Disable</Processing>
		<CMProcessing>Disable</CMProcessing>
		<Reporting>Disable</Reporting>
	</Config>
	<Config>
		<FilePath>\website\App_Config\Include\Social</FilePath>
		<ConfigFileName>Sitecore.Social.Solr.IndexConfiguration.config.disabled</ConfigFileName>
		<ConfigType>disabled</ConfigType>
		<SearchProviderUsed>Solr is used</SearchProviderUsed>
		<ContentDelivery>Enable</ContentDelivery>
		<ContentManagement>Enable</ContentManagement>
		<Processing>Disable</Processing>
		<CMProcessing>Enable</CMProcessing>
		<Reporting>Disable</Reporting>
	</Config>
	<Config>
		<FilePath>\website\App_Config\Include\Social</FilePath>
		<ConfigFileName>Sitecore.Social.Twitter.config</ConfigFileName>
		<ConfigType>config</ConfigType>
		<ContentDelivery>Enable</ContentDelivery>
		<ContentManagement>Enable</ContentManagement>
		<Processing>Disable</Processing>
		<CMProcessing>Enable</CMProcessing>
		<Reporting>Disable</Reporting>
	</Config>
	<Config>
		<FilePath>\website\App_Config\Include\XdbCloud</FilePath>
		<ConfigFileName>Sitecore.Cloud.Xdb.config.disabled</ConfigFileName>
		<ConfigType>disabled</ConfigType>
		<ContentDelivery>Disable</ContentDelivery>
		<ContentManagement>Disable</ContentManagement>
		<Processing>Disable</Processing>
		<CMProcessing>Disable</CMProcessing>
		<Reporting>Disable</Reporting>
	</Config>
	<Config>
		<FilePath>\website\App_Config\Include\XdbCloud</FilePath>
		<ConfigFileName>Sitecore.ContentSearch.Cloud.DefaultIndexConfiguration.config.disabled</ConfigFileName>
		<ConfigType>disabled</ConfigType>
		<ContentDelivery>Disable</ContentDelivery>
		<ContentManagement>Disable</ContentManagement>
		<Processing>Disable</Processing>
		<CMProcessing>Disable</CMProcessing>
		<Reporting>Disable</Reporting>
	</Config>
	<Config>
		<FilePath>\website\App_Config\Include\XdbCloud</FilePath>
		<ConfigFileName>Sitecore.ContentSearch.Cloud.Index.Analytics.config.disabled</ConfigFileName>
		<ConfigType>disabled</ConfigType>
		<ContentDelivery>Disable</ContentDelivery>
		<ContentManagement>Disable</ContentManagement>
		<Processing>Disable</Processing>
		<CMProcessing>Disable</CMProcessing>
		<Reporting>Disable</Reporting>
	</Config>
	<Config>
		<FilePath>\website\App_Config\Include\Z.SwitchMasterToWeb</FilePath>
		<ConfigFileName>important.txt</ConfigFileName>
		<ConfigType>txt</ConfigType>
		<ContentDelivery>n/a</ContentDelivery>
		<ContentManagement>n/a</ContentManagement>
		<Processing>n/a</Processing>
		<CMProcessing>n/a</CMProcessing>
		<Reporting>n/a</Reporting>
	</Config>
	<Config>
		<FilePath>\website\App_Config\Include\Z.SwitchMasterToWeb</FilePath>
		<ConfigFileName>SwitchMasterToWeb.config.example</ConfigFileName>
		<ConfigType>example</ConfigType>
		<ContentDelivery>n/a</ContentDelivery>
		<ContentManagement>n/a</ContentManagement>
		<Processing>n/a</Processing>
		<CMProcessing>n/a</CMProcessing>
		<Reporting>n/a</Reporting>
	</Config>
	<Config>
		<FilePath>\website\App_Config\Include\zzz\</FilePath>
		<ConfigFileName>DataFolder.config</ConfigFileName>
		<ConfigType>config</ConfigType>
		<ContentDelivery>Enable</ContentDelivery>
		<ContentManagement>Enable</ContentManagement>
		<Processing>Enable</Processing>
		<CMProcessing>Enable</CMProcessing>
		<Reporting>Enable</Reporting>
	</Config>
	<Config>
		<FilePath>\website\App_Config\Include\zzz\</FilePath>
		<ConfigFileName>UseServerSideRedirect.config</ConfigFileName>
		<ConfigType>config</ConfigType>
		<ContentDelivery>Enable</ContentDelivery>
		<ContentManagement>Enable</ContentManagement>
		<Processing>Enable</Processing>
		<CMProcessing>Enable</CMProcessing>
		<Reporting>Enable</Reporting>
	</Config>
	<Config>
		<FilePath>\website\App_Config\Prefetch</FilePath>
		<ConfigFileName>Common.config</ConfigFileName>
		<ConfigType>config</ConfigType>
		<ContentDelivery>Enable</ContentDelivery>
		<ContentManagement>Enable</ContentManagement>
		<Processing>Enable</Processing>
		<CMProcessing>Enable</CMProcessing>
		<Reporting>Enable</Reporting>
	</Config>
	<Config>
		<FilePath>\website\App_Config\Prefetch</FilePath>
		<ConfigFileName>Core.config</ConfigFileName>
		<ConfigType>config</ConfigType>
		<ContentDelivery>Enable</ContentDelivery>
		<ContentManagement>Enable</ContentManagement>
		<Processing>Enable</Processing>
		<CMProcessing>Enable</CMProcessing>
		<Reporting>Enable</Reporting>
	</Config>
	<Config>
		<FilePath>\website\App_Config\Prefetch</FilePath>
		<ConfigFileName>Master.config</ConfigFileName>
		<ConfigType>config</ConfigType>
		<ContentDelivery>Enable</ContentDelivery>
		<ContentManagement>Enable</ContentManagement>
		<Processing>Enable</Processing>
		<CMProcessing>Enable</CMProcessing>
		<Reporting>Enable</Reporting>
	</Config>
	<Config>
		<FilePath>\website\App_Config\Prefetch</FilePath>
		<ConfigFileName>Webdb.config</ConfigFileName>
		<ConfigType>config</ConfigType>
		<ContentDelivery>Enable</ContentDelivery>
		<ContentManagement>Enable</ContentManagement>
		<Processing>Enable</Processing>
		<CMProcessing>Enable</CMProcessing>
		<Reporting>Enable</Reporting>
	</Config>
	<Config>
		<FilePath>\website\App_Config\Security</FilePath>
		<ConfigFileName>Domains.config</ConfigFileName>
		<ConfigType>config</ConfigType>
		<ContentDelivery>Enable</ContentDelivery>
		<ContentManagement>Enable</ContentManagement>
		<Processing>Enable</Processing>
		<CMProcessing>Enable</CMProcessing>
		<Reporting>Enable</Reporting>
	</Config>
	<Config>
		<FilePath>\website\App_Config\Security</FilePath>
		<ConfigFileName>GlobalRoles.config</ConfigFileName>
		<ConfigType>config</ConfigType>
		<ContentDelivery>Enable</ContentDelivery>
		<ContentManagement>Enable</ContentManagement>
		<Processing>Enable</Processing>
		<CMProcessing>Enable</CMProcessing>
		<Reporting>Enable</Reporting>
	</Config>
	<Config>
		<FilePath>\website\sitecore\shell\Applications\MarketingAutomation</FilePath>
		<ConfigFileName>Configuration.config</ConfigFileName>
		<ConfigType>config</ConfigType>
		<ContentDelivery>Enable</ContentDelivery>
		<ContentManagement>Enable</ContentManagement>
		<Processing>Enable</Processing>
		<CMProcessing>Enable</CMProcessing>
		<Reporting>Enable</Reporting>
	</Config>
	<Config>
		<FilePath>\website\sitecore\shell\Applications\Reports\Dashboard</FilePath>
		<ConfigFileName>CampaignCategoryDefaultSettings.config</ConfigFileName>
		<ConfigType>config</ConfigType>
		<ContentDelivery>Disable</ContentDelivery>
		<ContentManagement>Disable</ContentManagement>
		<Processing>Disable</Processing>
		<CMProcessing>Disable</CMProcessing>
		<Reporting>Disable</Reporting>
	</Config>
	<Config>
		<FilePath>\website\sitecore\shell\Applications\Reports\Dashboard</FilePath>
		<ConfigFileName>Configuration.config</ConfigFileName>
		<ConfigType>config</ConfigType>
		<ContentDelivery>Disable</ContentDelivery>
		<ContentManagement>Disable</ContentManagement>
		<Processing>Disable</Processing>
		<CMProcessing>Disable</CMProcessing>
		<Reporting>Disable</Reporting>
	</Config>
	<Config>
		<FilePath>\website\sitecore\shell\Applications\Reports\Dashboard</FilePath>
		<ConfigFileName>DefaultSettings.config</ConfigFileName>
		<ConfigType>config</ConfigType>
		<ContentDelivery>Disable</ContentDelivery>
		<ContentManagement>Disable</ContentManagement>
		<Processing>Disable</Processing>
		<CMProcessing>Disable</CMProcessing>
		<Reporting>Disable</Reporting>
	</Config>
	<Config>
		<FilePath>\website\sitecore\shell\Applications\Reports\Dashboard</FilePath>
		<ConfigFileName>SingleCampaignDefaultSettings.config</ConfigFileName>
		<ConfigType>config</ConfigType>
		<ContentDelivery>Disable</ContentDelivery>
		<ContentManagement>Disable</ContentManagement>
		<Processing>Disable</Processing>
		<CMProcessing>Disable</CMProcessing>
		<Reporting>Disable</Reporting>
	</Config>
	<Config>
		<FilePath>\website\sitecore\shell\Applications\Reports\Dashboard</FilePath>
		<ConfigFileName>SingleTrafficTypeDefaultSettings.config</ConfigFileName>
		<ConfigType>config</ConfigType>
		<ContentDelivery>Disable</ContentDelivery>
		<ContentManagement>Disable</ContentManagement>
		<Processing>Disable</Processing>
		<CMProcessing>Disable</CMProcessing>
		<Reporting>Disable</Reporting>
	</Config>
</Root>